smiles,exp_mean [nM],y,cliff_mol,chembl_id
C[C@H](CCC(=O)NCC(=O)O)[C@H]1CC[C@H]2[C@H]3[C@H](CC[C@@]21C)[C@@]1(C)CC[C@@H](O)C[C@H]1C[C@H]3O,3000.0,-3.4771212547196626,0,CHEMBL1552
C[C@H](CCC(=O)O)C1CC[C@H]2[C@H]3[C@H](CC[C@]12C)[C@@]1(C)CC[C@@H](O)CC1[C@@H](C)[C@H]3O,750.0,-2.8750612633917,1,CHEMBL3137829
C[C@H](CCC(=O)NCCS(=O)(=O)O)[C@H]1CC[C@H]2[C@H]3[C@H](CC[C@@]21C)[C@@]1(C)CC[C@@H](O)C[C@H]1C[C@H]3O,3000.0,-3.4771212547196626,0,CHEMBL185878
CCC[C@@H]1C2C[C@H](O)CC[C@]2(C)[C@H]2CC[C@]3(C)C([C@H](C)CCC(=O)O)CC[C@H]3[C@@H]2[C@@H]1O,1110.0,-3.0453229787866576,1,CHEMBL3138184
CC(C)c1onc(-c2c(Cl)cccc2Br)c1COc1ccc(/C=C/c2cccc(C(=O)O)c2)c(Cl)c1,12.0,-1.0791812460476249,1,CHEMBL101381
Cc1cc(OCc2c(-c3c(Cl)cccc3Cl)noc2C(C)C)ccc1/C=C/c1cccc(C(=O)O)c1,47.0,-1.6720978579357175,0,CHEMBL103394
CCc1onc(Cc2c(Cl)cccc2Cl)c1COc1ccc(/C=C/c2cccc(C(=O)O)c2)c(Cl)c1,60.0,-1.7781512503836436,1,CHEMBL318280
CCc1onc(-c2c(F)cccc2C(F)(F)F)c1COc1ccc(/C=C/c2cccc(C(=O)O)c2)c(Cl)c1,54.0,-1.7323937598229686,0,CHEMBL101327
Cc1cc(OCc2c(-c3c(Cl)cccc3Cl)noc2C(C)C)cc(C)c1/C=C/c1ccc(C(=O)O)cc1,37.0,-1.568201724066995,0,CHEMBL319606
Cc1cc(OCc2c(-c3c(Cl)cccc3Cl)noc2C)cc(C)c1/C=C/c1cccc(C(=O)O)c1,70.0,-1.845098040014257,0,CHEMBL319544
Cc1cc(OCc2c(-c3c(Cl)cccc3Cl)noc2C(C)C)cc(C)c1/C=C/c1cccc(C(=O)O)c1,100.0,-2.0,1,CHEMBL319861
CCc1onc(-c2ccccc2OC(F)(F)F)c1COc1ccc(/C=C/c2cccc(C(=O)O)c2)c(Cl)c1,48.0,-1.6812412373755872,0,CHEMBL419721
CCc1onc(-c2c(Cl)cccc2Cl)c1COc1cc(C)c(/C=C/c2ccc(C(=O)O)cc2)c(C)c1,100.0,-2.0,0,CHEMBL101547
C=CC[C@@H]1C2C[C@H](O)CC[C@]2(C)[C@H]2CC[C@]3(C)C([C@H](C)CCC(=O)O)CC[C@H]3[C@@H]2[C@@H]1O,480.0,-2.681241237375587,1,CHEMBL3138060
C[C@H](CCC(=O)O)C1CC[C@H]2[C@H]3[C@H](CC[C@]12C)[C@@]1(C)CC[C@@H](O)CC1[C@@H](CCO)[C@H]3O,61150.0,-4.786396461372305,1,CHEMBL3138046
C#CC[C@@H]1C2C[C@H](O)CC[C@]2(C)[C@H]2CC[C@]3(C)C([C@H](C)CCC(=O)O)CC[C@H]3[C@@H]2[C@@H]1O,540.0,-2.7323937598229686,1,CHEMBL3138036
CO[C@@H]1C2C[C@H](O)CC[C@]2(C)[C@H]2CC[C@]3(C)C([C@H](C)CCC(=O)O)CC[C@H]3[C@@H]2[C@@H]1O,14730.0,-4.168202746842631,1,CHEMBL3138054
C[C@H](CCC(=O)O)[C@H]1CC[C@H]2[C@H]3[C@H](CC[C@@]21C)[C@@]1(C)CCCC[C@H]1C[C@H]3O,1300.0,-3.113943352306837,0,CHEMBL270311
C[C@@H](C1CC[C@H]2[C@H]3[C@H](CC[C@]12C)[C@@]1(C)CC[C@@H](O)CC1C[C@H]3O)[C@H](O)CC(=O)O,33180.0,-4.520876381688342,0,CHEMBL3138037
C[C@H](CCN)C1CC[C@H]2[C@H]3[C@H](CC[C@]12C)[C@@]1(C)CC[C@@H](O)CC1C[C@H]3O,9680.0,-3.9858753573083936,0,CHEMBL3138044
CCOC(=O)NCC[C@@H](C)C1CC[C@H]2[C@H]3[C@H](CC[C@]12C)[C@@]1(C)CC[C@@H](O)CC1C[C@H]3O,2720.0,-3.4345689040341987,0,CHEMBL3138403
C[C@H](CCCOS(=O)(=O)O)C1CC[C@H]2[C@H]3[C@H](CC[C@]12C)[C@@]1(C)CC[C@@H](O)CC1C[C@H]3O,5990.0,-3.777426822389312,0,CHEMBL3138058
C[C@H](CCCS(=O)(=O)O)C1CC[C@H]2[C@H]3[C@H](CC[C@]12C)[C@@]1(C)CC[C@@H](O)CC1C[C@H]3O,4550.0,-3.6580113966571126,0,CHEMBL3138038
COC(=O)/C=C/c1cccc(N(Cc2ccc(/C=C/c3c(Cl)cccc3Cl)cc2)C(=O)C(C)C)c1,195.0,-2.290034611362518,0,CHEMBL193099
COC(=O)/C=C/c1cccc(N(Cc2ccc(/C=C/c3cc(C(F)(F)F)cc(C(F)(F)F)c3)cc2)C(=O)C2CCCCC2)c1,1470.0,-3.167317334748176,0,CHEMBL193148
COC(=O)/C=C/c1cccc(N(Cc2ccc(/C=C/c3cc(C(F)(F)F)cc(C(F)(F)F)c3)cc2)C(=O)C(C)C)c1,1950.0,-3.290034611362518,0,CHEMBL189944
COC(=O)/C=C/c1cccc(N(Cc2ccc(/C=C/c3cccc(C(F)(F)F)c3)cc2)C(=O)C(C)C)c1,267.0,-2.4265112613645754,0,CHEMBL189425
COC(=O)/C=C/c1cccc(N(Cc2ccc(/C=C/c3cccc(C(F)(F)F)c3)cc2)C(=O)NC(C)C)c1,932.0,-2.9694159123539814,0,CHEMBL192701
COC(=O)/C=C/c1cccc(N(Cc2ccc(/C=C/c3c(F)cccc3F)cc2)C(=O)C(C)C)c1,108.0,-2.03342375548695,0,CHEMBL447784
COC(=O)/C=C/c1cccc(N(Cc2ccc(/C=C/c3ccccc3F)cc2)C(=O)C2CCCCC2)c1,64.0,-1.806179973983887,0,CHEMBL189728
COC(=O)/C=C/c1cccc(N(Cc2ccc(/C=C/c3ccccc3F)cc2)C(=O)NC(C)C)c1,431.0,-2.6344772701607315,1,CHEMBL190440
COC(=O)/C=C/c1cccc(N(Cc2ccc(/C=C/c3c(C)cc(C)cc3C)cc2)C(=O)C(C)C)c1,149.0,-2.173186268412274,0,CHEMBL190553
COC(=O)/C=C/c1cccc(N(Cc2ccc(/C=C/c3c(C)cc(C)cc3C)cc2)C(=O)NC(C)C)c1,431.0,-2.6344772701607315,0,CHEMBL190499
COC(=O)/C=C/c1cccc(N(Cc2ccc(/C=C/c3cccc(F)c3)cc2)C(=O)C2CCCCC2)c1,86.0,-1.934498451243568,0,CHEMBL427528
COC(=O)/C=C/c1cccc(N(Cc2ccc(/C=C/c3cccc(F)c3)cc2)C(=O)C(C)C)c1,71.0,-1.8512583487190752,0,CHEMBL192772
COC(=O)/C=C/c1cccc(N(Cc2ccc(/C=C/c3ccc(F)cc3)cc2)C(=O)C(C)C)c1,120.0,-2.0791812460476247,0,CHEMBL364810
COC(=O)/C=C/c1cccc(N(Cc2ccc(/C=C/c3ccc(F)cc3)cc2)C(=O)NC(C)C)c1,348.0,-2.5415792439465807,0,CHEMBL194004
COC(=O)/C=C/c1cccc(N(Cc2ccc(/C=C/c3ccccn3)cc2)C(=O)C2CCCCC2)c1,309.0,-2.4899584794248346,0,CHEMBL370742
COC(=O)/C=C/c1cccc(N(Cc2ccc(/C=C/c3ccccn3)cc2)C(=O)C(C)C)c1,310.0,-2.4913616938342726,0,CHEMBL364289
COC(=O)/C=C/c1cccc(N(Cc2ccc(/C=C/c3scnc3C)cc2)C(=O)C2CCCCC2)c1,227.0,-2.3560258571931225,0,CHEMBL372916
COC(=O)/C=C/c1cccc(N(Cc2ccc(/C=C/c3scnc3C)cc2)C(=O)C(C)C)c1,228.0,-2.357934847000454,0,CHEMBL192932
COC(=O)/C=C/c1cccc(N(Cc2ccc(-c3ccc(F)c(F)c3)cc2)C(=O)C2CCCCC2)c1,72.0,-1.8573324964312683,0,CHEMBL365028
COC(=O)/C=C/c1cccc(N(Cc2ccc(-c3ccc(SC)cc3)cc2)C(=O)C(C)C)c1,51.0,-1.7075701760979365,1,CHEMBL372258
COC(=O)/C=C/c1cccc(N(Cc2ccc(-c3cccc(OC)c3)cc2)C(=O)C2CCCCC2)c1,77.31,-1.8882356732705672,1,CHEMBL187456
COC(=O)/C=C/c1cccc(N(Cc2ccc(-c3cccc(OC)c3)cc2)C(=O)NC(C)C)c1,1370.0,-3.1367205671564067,1,CHEMBL191097
CCOc1cccc(-c2ccc(CN(C(=O)C3CCCCC3)c3cccc(/C=C/C(=O)OC)c3)cc2)c1,147.0,-2.167317334748176,0,CHEMBL364746
CCOc1cccc(-c2ccc(CN(C(=O)C(C)C)c3cccc(/C=C/C(=O)OC)c3)cc2)c1,173.0,-2.2380461031287955,0,CHEMBL190166
COC(=O)/C=C/c1cccc(N(Cc2ccc(-c3ccc(OC)cc3)cc2)C(=O)C2CCCCC2)c1,89.0,-1.9493900066449128,0,CHEMBL189930
COC(=O)/C=C/c1cccc(N(Cc2ccc(-c3ccc(OC)cc3)cc2)C(=O)C(C)C)c1,97.0,-1.9867717342662448,1,CHEMBL188141
COC(=O)/C=C/c1cccc(N(Cc2ccc(-c3cccc(Cl)c3)cc2)C(=O)C2CCCCC2)c1,94.0,-1.9731278535996983,1,CHEMBL190844
COC(=O)/C=C/c1cccc(N(Cc2ccc(-c3cccc(Cl)c3)cc2)C(=O)C(C)C)c1,77.0,-1.8864907251724816,1,CHEMBL189224
COC(=O)/C=C/c1cccc(N(Cc2ccc(-c3ccc(C)cc3)cc2)C(=O)C(C)C)c1,118.0,-2.071882007306125,1,CHEMBL189155
COC(=O)/C=C/c1cccc(N(Cc2ccc(-c3ccc(C)cc3)cc2)C(=O)NC(C)C)c1,449.0,-2.6522463410033232,0,CHEMBL190421
COC(=O)/C=C/c1cccc(N(Cc2ccc(-c3cccc(C)c3)cc2)C(=O)C2CCCCC2)c1,109.0,-2.037426497940624,1,CHEMBL364749
COC(=O)/C=C/c1cccc(N(Cc2ccc(-c3cccc(C)c3)cc2)C(=O)C(C)C)c1,163.0,-2.2121876044039577,0,CHEMBL373308
COC(=O)/C=C/c1cccc(N(Cc2ccc(-c3cc(Cl)ccc3OC)cc2)C(=O)C(C)C)c1,226.0,-2.3541084391474008,0,CHEMBL191439
COC(=O)/C=C/c1cccc(N(Cc2ccc(-c3ccc4c(c3)OCO4)cc2)C(=O)C2CCCCC2)c1,38.0,-1.57978359661681,0,CHEMBL191578
COC(=O)/C=C/c1cccc(N(Cc2ccc(-c3ccc4c(c3)OCO4)cc2)C(=O)C(C)C)c1,19.025,-1.2793246654426105,1,CHEMBL371360
COC(=O)/C=C/c1cccc(N(Cc2ccc(-c3ccc4c(c3)OCO4)cc2)C(=O)NC(C)C)c1,96.0,-1.9822712330395684,0,CHEMBL191236
COC(=O)/C=C/c1cccc(N(Cc2ccc(-c3ccc(F)c(Cl)c3)cc2)C(=O)C2CCCCC2)c1,66.0,-1.8195439355418688,0,CHEMBL371385
COC(=O)/C=C/c1cccc(N(Cc2ccc(-c3ccc(OC(F)(F)F)cc3)cc2)C(=O)C(C)C)c1,219.0,-2.3404441148401185,0,CHEMBL192752
COC(=O)/C=C/c1cccc(N(Cc2ccc(-c3cccc(OC(F)(F)F)c3)cc2)C(=O)C(C)C)c1,247.0,-2.392696953259666,0,CHEMBL190566
COC(=O)/C=C/c1cccc(N(Cc2ccc(-c3c(OC)cccc3OC)cc2)C(=O)C2CCCCC2)c1,77.0,-1.8864907251724816,0,CHEMBL426273
COC(=O)/C=C/c1cccc(N(Cc2ccc(-c3c(OC)cccc3OC)cc2)C(=O)C(C)C)c1,95.0,-1.977723605288848,0,CHEMBL363212
COC(=O)/C=C/c1cccc(N(Cc2ccc(-c3ccc(N(C)C)cc3)cc2)C(=O)C2CCCCC2)c1,25.0,-1.3979400086720375,1,CHEMBL192966
COC(=O)/C=C/c1cccc(N(Cc2ccc(-c3ccc(N(C)C)cc3)cc2)C(=O)C(C)C)c1,57.0,-1.7558748556724917,1,CHEMBL190508
COC(=O)/C=C/c1cccc(N(Cc2ccc(-c3ccc(N(C)C)cc3)cc2)C(=O)NC(C)C)c1,162.0,-2.2095150145426308,0,CHEMBL363132
COC(=O)/C=C/c1cccc(N(Cc2ccc(-c3ccc(C(C)(C)C)cc3)cc2)C(=O)C2CCCCC2)c1,132.0,-2.12057393120585,0,CHEMBL192270
COC/C=C/c1cccc(N(Cc2ccc(/C=C/C(=O)OC(C)(C)C)cc2)C(=O)C2CCCCC2)c1,243.0,-2.385606273598312,0,CHEMBL192769
CCOC/C=C/c1cccc(N(Cc2ccc(/C=C/C(=O)OC(C)(C)C)cc2)C(=O)C2CCCCC2)c1,220.0,-2.342422680822206,0,CHEMBL190304
COC(=O)/C=C/c1cccc(N(Cc2ccc(/C=C/C(=O)OC(C)(C)C)cc2)C(=O)c2ccccc2)c1,236.0,-2.3729120029701067,0,CHEMBL435492
COC(=O)/C=C/c1cccc(N(Cc2ccc(/C=C/C(=O)OC(C)(C)C)cc2)C(=O)c2ccco2)c1,205.0,-2.311753861055754,0,CHEMBL189309
COC(=O)/C=C/c1cccc(N(Cc2ccc(/C=C/C(=O)OC(C)(C)C)cc2)C(=O)NC(C)C)c1,212.0,-2.326335860928752,0,CHEMBL190181
COC(=O)/C=C/c1cccc(N(C(=O)C2CCCCC2)c2ccc3ccccc3c2)c1,680.0,-2.832508912706236,0,CHEMBL193213
COC(=O)/C=C/c1cccc(N(Cc2ccc3c(c2OC)OC(C)(C)C=C3)C(=O)C2CCCCC2)c1,358.0,-2.5538830266438746,0,CHEMBL189741
COC(=O)/C=C/c1cccc(N(Cc2ccc3c(c2OC)OC(C)(C)C2C3C2(Cl)Cl)C(=O)c2ccccc2)c1,333.0,-2.52244423350632,0,CHEMBL373297
COC/C=C/c1ccc(CN(C(=O)C2CCCCC2)c2cccc(/C=C/C(=O)OC)c2)cc1,233.0,-2.367355921026019,0,CHEMBL189265
COC(=O)/C=C/c1cccc(N(Cc2ccc(-c3cccc(C(C)=O)c3)cc2)C(=O)C2CCCCC2)c1,227.0,-2.3560258571931225,0,CHEMBL191984
COC(=O)/C=C/c1cccc(N(Cc2ccc(-c3ccc(SC)cc3)cc2)C(=O)C2CCCCC2)c1,69.0,-1.8388490907372552,0,CHEMBL364008
COC(=O)/C=C/c1cccc(N(Cc2ccc(-c3ccc(C)s3)cc2)C(=O)C2CCCCC2)c1,206.0,-2.3138672203691533,0,CHEMBL189897
COC(=O)/C=C/c1cccc(N(Cc2ccc(-c3ccc(C(C)=O)s3)cc2)C(=O)C2CCCCC2)c1,256.0,-2.4082399653118496,1,CHEMBL189685
COC(=O)/C=C/c1cccc(N(Cc2ccc(/C=C/c3ccc(OC)cc3)cc2)C(=O)C2CCCCC2)c1,208.0,-2.318063334962761,0,CHEMBL192070
CC(C)(C)OC(=O)/C=C/c1ccc(CN(C(=O)C2CCCCC2)c2cccc(/C=C/C(=O)OC(C)(C)C)c2)cc1,1000.0,-3.0,0,CHEMBL440208
COC(=O)/C=C/c1cccc(N(Cc2cc(OC)cc(OC)c2)C(=O)C2CCCCC2)c1,604.28,-2.7812382205377566,0,CHEMBL192174
COC(=O)/C=C/c1cccc(N(Cc2ccc(/C=C/C(=O)O)cc2)C(=O)C2CCCCC2)c1,1000.0,-3.0,1,CHEMBL194054
COC(=O)/C=C/c1cccc(N(Cc2ccc(/C=C/C(=O)OC(C)(C)C)cc2O)C(=O)C2CCCCC2)c1,1000.0,-3.0,0,CHEMBL192852
COC(=O)/C=C/c1cccc(N(Cc2ccc(/C=C/c3c(Cl)cccc3Cl)cc2)C(=O)C2CCCCC2)c1,150.68,-2.17805561153123,0,CHEMBL189735
COC(=O)/C=C/c1cccc(N(Cc2ccc(/C=C/c3cccc(Cl)c3)cc2)C(=O)C2CCCCC2)c1,165.48000000000002,-2.2187455122234745,0,CHEMBL371414
COC(=O)/C=C/c1cccc(N(Cc2ccc(/C=C/c3cccc(Cl)c3)cc2)C(=O)C(C)C)c1,163.09,-2.212427332726591,0,CHEMBL370479
COC(=O)/C=C/c1cccc(N(Cc2ccc(/C=C/c3ccccc3F)cc2)C(=O)C(C)C)c1,70.39500000000001,-1.847541813268176,0,CHEMBL425374
COC(=O)/C=C/c1cccc(N(Cc2ccc(/C=C/c3ccccc3)cc2)C(=O)C(C)C)c1,64.785,-1.81147446310318,0,CHEMBL371346
COC(=O)/C=C/c1cccc(N(Cc2ccc(/C=C/c3cccc(F)c3)cc2)C(=O)NC(C)C)c1,467.37,-2.6696608320343813,0,CHEMBL363873
COC(=O)/C=C/c1cccc(N(Cc2ccc(/C=C/c3ccc(F)cc3)cc2)C(=O)C2CCCCC2)c1,185.605,-2.2685896714688383,0,CHEMBL190830
COC(=O)/C=C/c1cccc(N(Cc2ccc(-c3cccc(OC)c3)cc2)C(=O)C(C)C)c1,72.22,-1.858657484090808,1,CHEMBL364915
COC(=O)/C=C/c1cccc(N(Cc2ccc(-c3cccc(Cl)c3)cc2)C(=O)NC(C)C)c1,1406.27,-3.148068712044147,1,CHEMBL365791
COC(=O)/C=C/c1cccc(N(Cc2ccc(-c3cccc(C)c3)cc2)C(=O)NC(C)C)c1,1324.13,-3.121930625217794,1,CHEMBL362898
COC(=O)/C=C/c1cccc(N(Cc2ccc(-c3cc(Cl)ccc3OC)cc2)C(=O)C2CCCCC2)c1,233.71,-2.3686772954127857,0,CHEMBL191379
COC(=O)/C=C/c1cccc(N(Cc2ccc(-c3ccc(F)c(Cl)c3)cc2)C(=O)C(C)C)c1,128.91,-2.1102866084035656,1,CHEMBL425555
COC(=O)/C=C/c1cccc(N(Cc2ccc(-c3ccc(OC(F)(F)F)cc3)cc2)C(=O)C2CCCCC2)c1,263.515,-2.42080534149094,0,CHEMBL194104
COC(=O)/C=C/c1cccc(N(Cc2ccc(-c3cccc(OC(F)(F)F)c3)cc2)C(=O)C2CCCCC2)c1,418.435,-2.621628003945102,0,CHEMBL364932
COC(=O)/C=C/c1cccc(N(Cc2ccc(-c3c(OC)cccc3OC)cc2)C(=O)NC(C)C)c1,561.6700000000001,-2.74948122789537,0,CHEMBL189432
COc1c(CN(C(=O)C2CC2)c2ccccc2)ccc2c1OC(C)(C)C=C2,10000.0,-4.0,0,CHEMBL197473
CCC(CC)(c1ccc(OCC(=O)O)c(C)c1)c1ccc(OCc2c(-c3c(Cl)cccc3Cl)noc2C(C)C)c(C)c1,3400.0,-3.531478917042255,0,CHEMBL209145
C[C@H](CCNC(=O)OCc1cccs1)C1CC[C@H]2[C@H]3[C@H](CC[C@]12C)[C@@]1(C)CC[C@@H](O)CC1C[C@H]3O,410.0,-2.6127838567197355,0,CHEMBL3138428
C[C@H](CCNC(=O)OCc1ccc(C(=O)O)cc1)C1CC[C@H]2[C@H]3[C@H](CC[C@]12C)[C@@]1(C)CC[C@@H](O)CC1C[C@H]3O,7110.0,-3.851869600729766,0,CHEMBL3138091
COc1ccc(COC(=O)NCC[C@@H](C)C2CC[C@H]3[C@H]4[C@H](CC[C@]23C)[C@@]2(C)CC[C@@H](O)CC2C[C@H]4O)cc1,1480.0,-3.170261715394957,0,CHEMBL3138093
C[C@H](CCNC(=O)OCc1ccccc1)C1CC[C@H]2[C@H]3[C@H](CC[C@]12C)[C@@]1(C)CC[C@@H](O)CC1C[C@H]3O,790.0,-2.8976270912904414,0,CHEMBL3138090
C[C@H](CCNC(=O)OC1C2CC3CC(C2)CC1C3)C1CC[C@H]2[C@H]3[C@H](CC[C@]12C)[C@@]1(C)CC[C@@H](O)CC1C[C@H]3O,600.0,-2.7781512503836434,0,CHEMBL3138089
C[C@H](CCNC(=O)OC1CCCCC1)C1CC[C@H]2[C@H]3[C@H](CC[C@]12C)[C@@]1(C)CC[C@@H](O)CC1C[C@H]3O,1140.0,-3.0569048513364727,0,CHEMBL3138339
CC(C)OC(=O)NCC[C@@H](C)C1CC[C@H]2[C@H]3[C@H](CC[C@]12C)[C@@]1(C)CC[C@@H](O)CC1C[C@H]3O,2500.0,-3.397940008672037,0,CHEMBL3138341
C[C@H](C[C@@H](C)[C@H]1CC[C@H]2[C@H]3[C@H](CC[C@@]21C)[C@@]1(C)CC[C@@H](O)CC1C[C@H]3O)C(=O)O,10500.0,-4.021189299069938,0,CHEMBL245001
CC[C@@H]1C2C[C@H](O)CC[C@]2(C)[C@H]2CC[C@@]3(C)[C@@H](CC[C@@H]3[C@H](C)C[C@H](C)C(=O)O)[C@@H]2[C@@H]1O,11800.0,-4.071882007306125,0,CHEMBL244785
CCCNC(=O)c1cccc(/C=C/c2ccc(OCc3c(-c4c(Cl)cccc4Cl)noc3C(C)C)cc2Cl)c1,9000.0,-3.9542425094393248,0,CHEMBL234113
CC(C)(C)c1onc(-c2c(Cl)cccc2Cl)c1COc1ccc(C(=O)Nc2cccc(C(=O)O)c2)c(Cl)c1,1300.0,-3.113943352306837,0,CHEMBL234749
CC(C)(C)c1onc(-c2c(Cl)cccc2Cl)c1COc1ccc(/C=C/c2cccc(C(=O)O)c2)c(Cl)c1,1300.0,-3.113943352306837,1,CHEMBL233696
CC(C)c1onc(-c2c(Cl)cccc2Cl)c1COc1ccc(C(=O)N(CCc2ccccc2)c2cccc(C(=O)O)c2)c(Cl)c1,840.0,-2.9242792860618816,0,CHEMBL427601
CC(C)c1onc(-c2c(Cl)cccc2Cl)c1COc1ccc(C(=O)N(Cc2ccccc2)c2cccc(C(=O)O)c2)c(Cl)c1,2500.0,-3.397940008672037,0,CHEMBL395918
CCCN(C(=O)c1ccc(OCc2c(-c3c(Cl)cccc3Cl)noc2C(C)C)cc1Cl)c1cccc(C(=O)O)c1,2100.0,-3.322219294733919,0,CHEMBL233484
CC(C)c1onc(-c2c(Cl)cccc2Cl)c1COc1ccc(C(=O)N(C)c2cccc(C(=O)O)c2)c(Cl)c1,3100.0,-3.4913616938342726,0,CHEMBL429794
CC(C)c1onc(-c2c(Cl)cccc2Cl)c1COc1ccc(C(=O)Nc2cccc(C(=O)O)c2)c(Cl)c1,3000.0,-3.4771212547196626,0,CHEMBL389998
CC(C)c1onc(-c2c(Cl)cccc2Cl)c1COc1ccc(/C=C/c2cccc(C(=O)N(Cc3ccccc3)Cc3ccccc3)c2)c(Cl)c1,35100.0,-4.545307116465824,0,CHEMBL263872
C[C@H](CCCO)[C@H]1CC[C@H]2[C@H]3[C@H](CC[C@@]21C)[C@@]1(C)CC[C@@H](O)C[C@H]1C[C@H]3O,6000.0,-3.778151250383644,0,CHEMBL270287
CC1C[C@@H]2C[C@H](O)CC[C@]2(C)[C@H]2CC[C@@]3(C)[C@@H](CC[C@@H]3[C@H](C)CCC(=O)O)[C@H]12,16200.0,-4.209515014542631,0,CHEMBL270105
C[C@H]1C[C@@H]2CCCC[C@]2(C)[C@H]2CC[C@@]3(C)[C@@H](CC[C@@H]3[C@H](C)CCC(=O)NCCS(=O)(=O)O)[C@H]12,10600.0,-4.02530586526477,0,CHEMBL261826
CCOC(=O)C1=CN(C(=O)c2ccc(F)cc2)CCc2c1[nH]c1ccccc21,600.0,-2.7781512503836434,1,CHEMBL523785
CC(C)OC(=O)C1=CN(C(=O)c2ccc(F)cc2)CCc2c1[nH]c1ccccc21,500.0,-2.6989700043360187,0,CHEMBL454366
CCCOC(=O)C1=CN(C(=O)c2ccc(F)cc2)CCc2c1[nH]c1ccccc21,500.0,-2.6989700043360187,0,CHEMBL509912
CCCCOC(=O)C1=CN(C(=O)c2ccc(F)cc2)CCc2c1[nH]c1ccccc21,1100.0,-3.041392685158225,1,CHEMBL454367
CCOC(=O)C1=CN(C(=O)c2ccc(F)cc2)CC(C)c2c1[nH]c1ccccc21,57.0,-1.7558748556724917,1,CHEMBL507745
CCOC(=O)C1=CN(C(=O)c2ccc(Cl)cc2)CC(C)c2c1[nH]c1ccccc21,73.0,-1.863322860120456,0,CHEMBL453098
CCOC(=O)C1=CN(C(=O)c2ccc(OC)cc2)CC(C)c2c1[nH]c1ccccc21,60.0,-1.7781512503836436,0,CHEMBL509416
CCOC(=O)C1=CN(C(=O)c2ccc(F)c(F)c2)CC(C)c2c1[nH]c1ccccc21,32.0,-1.505149978319906,0,CHEMBL453912
CCOC(=O)C1=CN(C(=O)c2ccc(F)cc2)CC(C)(C)c2c1[nH]c1ccccc21,22.0,-1.3424226808222062,0,CHEMBL453913
CCOC(=O)C1=CN(C(=O)c2ccc(Cl)cc2)CC(C)(C)c2c1[nH]c1ccccc21,25.0,-1.3979400086720375,0,CHEMBL454136
CCOC(=O)C1=CN(C(=O)c2ccc(OC)cc2)CC(C)(C)c2c1[nH]c1ccccc21,29.0,-1.462397997898956,0,CHEMBL507786
CC(C)OC(=O)C1=CN(C(=O)c2ccc(F)cc2)CC(C)(C)c2c1[nH]c1ccccc21,8.0,-0.9030899869919436,0,CHEMBL454137
CC(C)OC(=O)C1=CN(C(=O)c2ccc(F)c(F)c2)CC(C)(C)c2c1[nH]c1ccccc21,17.0,-1.230448921378274,0,CHEMBL454138
Cc1cccc(COc2cccc(/C=C3\C(=O)NN(c4ccccc4)C3=O)c2)c1,5150.0,-3.711807229041191,0,CHEMBL485210
O=C1NN(c2ccccc2)C(=O)/C1=C/c1cccc(OCc2cccc(F)c2)c1,4790.0,-3.680335513414563,0,CHEMBL519840
O=C1NN(c2ccccc2)C(=O)/C1=C/c1cccc(OCc2cccc(C(F)(F)F)c2)c1,6920.0,-3.840106094456758,0,CHEMBL485403
O=C1NN(c2ccccc2)C(=O)/C1=C/c1cccc(OCc2ccc(C(F)(F)F)cc2)c1,2040.0,-3.3096301674258988,0,CHEMBL485404
Cc1cccc(COc2cccc(/C=C3\C(=O)NN(c4ccccc4[N+](=O)[O-])C3=O)c2)c1,5370.0,-3.729974285699556,0,CHEMBL520519
Cc1cccc(COc2cccc(/C=C3\C(=O)NN(C(=O)c4ccc(F)cc4)C3=O)c2)c1,1860.0,-3.269512944217916,0,CHEMBL519861
Cc1cccc(COc2cccc(/C=C3\C(=O)NN(C(=O)c4ccncc4)C3=O)c2)c1,2400.0,-3.380211241711606,0,CHEMBL520976
O=C1NN(C(=O)c2ccccc2)C(=O)/C1=C/c1ccc(OCc2ccccc2)cc1,3980.0,-3.599883072073688,0,CHEMBL483579
O=C1NN(C(=O)c2ccco2)C(=O)/C1=C/c1ccc(OCc2ccccc2)cc1,3310.0,-3.519827993775719,0,CHEMBL485563
O=C1C(=Cc2ccc(OCc3ccccc3)cc2)C(=O)N(c2ccccc2)N1c1ccccc1,6310.0,-3.8000293592441343,0,CHEMBL483187
CCOC(=O)C(=Cc1ccc(OCc2ccccc2)cc1)C(=O)OCC,6170.0,-3.7902851640332416,0,CHEMBL484547
O=C1C(=Cc2cccc([N+](=O)[O-])c2)C(=O)N(c2ccccc2)N1c1ccccc1,4270.0,-3.630427875025024,0,CHEMBL483197
COc1ccccc1-c1noc(C(C)C)c1COc1ccc(/C=C/c2cccc(C(=O)O)c2)c(Cl)c1,10000.0,-4.0,0,CHEMBL466315
Cc1cc(OCc2c(-c3c(Cl)cncc3Cl)noc2C(C)C)ccc1-c1ccc2c(C(=O)O)cn(C)c2c1,900.0,-2.9542425094393248,1,CHEMBL466323
Cc1cc(OCc2c(-c3c(Cl)c[n+]([O-])cc3Cl)noc2C(C)C)ccc1-c1ccc2c(C(=O)O)cn(C)c2c1,102.0,-2.008600171761917,0,CHEMBL466523
Cc1cc(OCc2c(-c3cc[nH]c(=O)c3Cl)noc2C(C)C)ccc1-c1ccc2c(C(=O)O)cn(C)c2c1,5000.0,-3.6989700043360183,0,CHEMBL513149
Cc1cc(OCc2c(-c3ccn(C)c(=O)c3Cl)noc2C(C)C)ccc1-c1ccc2c(C(=O)O)cn(C)c2c1,7000.0,-3.845098040014257,0,CHEMBL466471
Cc1cc(OCc2c(-c3c(Cl)cn(C)c(=O)c3Cl)noc2C(C)C)ccc1-c1ccc2c(C(=O)O)cn(C)c2c1,12000.0,-4.079181246047625,1,CHEMBL466880
Cc1cc(OCc2c(-c3c(Cl)ccc(=O)n3C)noc2C(C)C)ccc1-c1ccc2c(C(=O)O)cn(C)c2c1,4000.0,-3.6020599913279625,0,CHEMBL511389
COc1ccc(Cl)c(-c2noc(C(C)C)c2COc2ccc(-c3ccc4c(C(=O)O)cn(C)c4c3)c(C)c2)n1,2000.0,-3.3010299956639813,0,CHEMBL466887
CC(C)c1onc(-c2c(Cl)cccc2Cl)c1COc1ccc(-c2ccc3c(C(=O)O)cccc3c2)cc1,77.5,-1.8893017025063104,1,CHEMBL476302
CC[C@@H](C)c1onc(-c2c(Cl)cccc2Cl)c1COc1ccc(/C=C/c2cccc(C(=O)O)c2)c(Cl)c1,99.0,-1.99563519459755,1,CHEMBL466831
CC(C)c1onc(COc2c(Cl)cccc2Cl)c1COc1ccc(/C=C/c2cccc(C(=O)O)c2)c(Cl)c1,83.5,-1.921686475483602,1,CHEMBL466451
CC(C)c1onc([C@H]2C[C@@H]2c2c(Cl)cccc2Cl)c1COc1ccc(/C=C/c2cccc(C(=O)O)c2)c(Cl)c1,2000.0,-3.3010299956639813,0,CHEMBL467906
CC(C)c1onc(COc2cc(Cl)cc(Cl)c2)c1COc1ccc(/C=C/c2cccc(C(=O)O)c2)c(Cl)c1,1100.0,-3.041392685158225,0,CHEMBL523368
CC(C)c1onc(COc2ccc(Cl)c(Cl)c2)c1COc1ccc(/C=C/c2cccc(C(=O)O)c2)c(Cl)c1,1100.0,-3.041392685158225,0,CHEMBL437481
CC(C)c1onc(CO)c1COc1ccc(/C=C/c2cccc(C(=O)O)c2)c(Cl)c1,7800.0,-3.89209460269048,0,CHEMBL466233
CC(C)c1onc(-c2c(Cl)cccc2Cl)c1COc1ccc2nc(-c3cccc(C(=O)O)c3)sc2c1,410.0,-2.6127838567197355,0,CHEMBL551344
CC(C)c1onc(-c2c(Cl)cccc2Cl)c1COc1ccc2c(c1)CC(=O)N(c1cccc(C(=O)O)c1)C2,1100.0,-3.041392685158225,0,CHEMBL558662
CC(C)c1onc(-c2c(Cl)cccc2Cl)c1COc1ccc2[nH]cc(Cc3cccc(C(=O)O)c3)c2c1,1500.0,-3.1760912590556813,0,CHEMBL2094007
CC(C)c1onc(-c2c(Cl)cccc2Cl)c1CCc1nc2cccc(Nc3cccc(C(=O)O)c3)c2o1,1700.0,-3.230448921378274,0,CHEMBL559890
CC[C@@H]1[C@@H]2C[C@H](O)CC[C@]2(C)[C@H]2CC[C@@]3(C)[C@@H](CC[C@@H]3[C@H](C)C[C@H](O)C(=O)O)[C@@H]2[C@@H]1O,11800.0,-4.071882007306125,1,CHEMBL566985
CC(C)OC(=O)C1=CN(C(=O)c2ccc(F)c(F)c2)CC(C)(C)c2cc(C#N)[nH]c21,6.3,-0.7993405494535817,1,CHEMBL565728
CC(C)OC(=O)C1=CN(C(=O)c2cccc(F)c2)CC(C)(C)c2cc(C#N)[nH]c21,2.5,-0.3979400086720376,1,CHEMBL578970
CC(C)OC(=O)C1=CN(C(=O)c2ccc(F)cc2)CC(C)(C)c2cc(C#N)[nH]c21,5.0,-0.6989700043360189,1,CHEMBL578150
CC(C)OC(=O)C1=CN(C(=O)C2CCCCC2)CC(C)(C)c2cc(C#N)[nH]c21,6.5,-0.8129133566428556,1,CHEMBL568235
CC(C)OC(=O)C1=CN(C(=O)c2ccc(C#N)cc2)CC(C)(C)c2cc(C#N)[nH]c21,35.0,-1.5440680443502757,1,CHEMBL571961
CC(C)OC(=O)C1=CN(C(=O)c2cccc(Cl)c2)CC(C)(C)c2cc(C#N)[nH]c21,12.0,-1.0791812460476249,1,CHEMBL578757
CC(C)OC(=O)C1=CN(C(=O)c2cccc(C(F)(F)F)c2)CC(C)(C)c2cc(C#N)[nH]c21,8.5,-0.9294189257142929,1,CHEMBL576415
CC(C)OC(=O)C1=CN(C(=O)c2cccs2)CC(C)(C)c2cc(C#N)[nH]c21,16.0,-1.2041199826559248,1,CHEMBL578756
CC(C)OC(=O)C1CN(C(=O)c2ccc(F)c(F)c2)CC(C)(C)c2cc(C#N)[nH]c21,280.0,-2.4471580313422194,1,CHEMBL568014
CC(C)OC(=O)C1CN(C(=O)c2cccc(F)c2)CC(C)(C)c2cc(C#N)[nH]c21,1300.0,-3.113943352306837,1,CHEMBL584048
CC(C)OC(=O)C1CN(C(=O)c2ccc(F)cc2)CC(C)(C)c2cc(C#N)[nH]c21,640.0,-2.806179973983887,1,CHEMBL565729
CC(C)OC(=O)C1CN(C(=O)C2CCCCC2)CC(C)(C)c2cc(C#N)[nH]c21,1900.0,-3.278753600952829,1,CHEMBL579197
CC(C)OC(=O)C1CN(C(=O)c2ccc(C#N)cc2)CC(C)(C)c2cc(C#N)[nH]c21,5700.0,-3.755874855672492,1,CHEMBL579263
CC(C)OC(=O)C1CN(C(=O)c2cccc(Cl)c2)CC(C)(C)c2cc(C#N)[nH]c21,1300.0,-3.113943352306837,1,CHEMBL565752
CC(C)OC(=O)C1CN(C(=O)c2cccc(C(F)(F)F)c2)CC(C)(C)c2cc(C#N)[nH]c21,2700.0,-3.431363764158988,1,CHEMBL565981
CC(C)OC(=O)C1CN(C(=O)c2ccc(Cl)cc2)CC(C)(C)c2cc(C#N)[nH]c21,4100.0,-3.612783856719736,1,CHEMBL584897
CC(C)OC(=O)C1CN(C(=O)C2CCOCC2)CC(C)(C)c2cc(C#N)[nH]c21,3300.0,-3.5185139398778875,1,CHEMBL576636
CC(C)OC(=O)C1=CN(C(=O)c2ccc(F)c(F)c2)CC(C)(C)c2c1[nH]c1ccc(F)cc21,45.0,-1.6532125137753435,0,CHEMBL603278
CC(C)OC(=O)C1=CN(C(=O)c2cccc(CN3CCOCC3)c2)CC(C)(C)c2c1[nH]c1ccccc21,1579.0,-3.1983821300082944,1,CHEMBL604334
CC(C)OC(=O)C1=CN(C(=O)c2cccc(CN3CCN(C)CC3)c2)CC(C)(C)c2c1[nH]c1ccccc21,368.0,-2.5658478186735176,1,CHEMBL601434
CC(C)OC(=O)C1=CN(C(=O)c2cccc(CN3CCCCC3)c2)CC(C)(C)c2c1[nH]c1ccccc21,534.0,-2.727541257028556,1,CHEMBL601647
CC(C)OC(=O)C1=CN(C(=O)c2cccc(CN3CCCC3)c2)CC(C)(C)c2c1[nH]c1ccccc21,340.0,-2.531478917042255,1,CHEMBL602883
CC(C)OC(=O)C1=CN(C(=O)c2ccc(CN3CCOCC3)cc2)CC(C)(C)c2c1[nH]c1ccccc21,23.0,-1.3617278360175928,1,CHEMBL603086
CC(C)OC(=O)C1=CN(C(=O)c2ccc(CN3CCOCC3)cc2)CC(C)(C)c2c1[nH]c1cc(F)ccc21,447.0,-2.6503075231319366,1,CHEMBL603282
CC(C)OC(=O)C1=CN(C(=O)c2ccc(CCN3CCOCC3)cc2)CC(C)(C)c2c1[nH]c1ccccc21,602.0,-2.7795964912578244,1,CHEMBL602681
CC(C)OC(=O)C1=CN(C(=O)c2ccc(CCN3CCOCC3)cc2)CC(C)(C)c2c1[nH]c1cc(F)ccc21,342.0,-2.534026106056135,1,CHEMBL611221
CC(C)OC(=O)C1=CN(C(=O)c2ccc(OCCCN3CCOCC3)cc2)CC(C)(C)c2c1[nH]c1ccccc21,101.0,-2.004321373782642,1,CHEMBL601873
CC(C)OC(=O)C1=CN(C(=O)c2ccc(OCCN3CCCCC3)cc2)CC(C)(C)c2c1[nH]c1ccccc21,1066.0,-3.0277572046905536,1,CHEMBL603492
CC(C)OC(=O)C1=CN(C(=O)c2ccc(OCCN(C)C)cc2)CC(C)(C)c2c1[nH]c1ccccc21,439.0,-2.6424645202421213,0,CHEMBL604761
CC(C)OC(=O)C1=CN(C(=O)c2ccc(OCCN3CCCC3)cc2)CC(C)(C)c2c1[nH]c1ccccc21,698.0,-2.843855422623161,1,CHEMBL600415
CC(C)OC(=O)C1=CN(C(=O)c2ccc(OCCN3CCOCC3)cc2)CC(C)(C)c2c1[nH]c1ccccc21,249.0,-2.3961993470957363,1,CHEMBL602894
CC(C)OC(=O)C1=CN(C(=O)c2ccc(OCCN3CCN(C)CC3)cc2)CC(C)(C)c2c1[nH]c1ccccc21,287.0,-2.4578818967339924,1,CHEMBL602895
CC(C)OC(=O)C1=CN(C(=O)c2ccc(OCCCN(C)C)cc2)CC(C)(C)c2c1[nH]c1ccccc21,271.0,-2.432969290874406,1,CHEMBL603099
CC(C)OC(=O)C1=CN(C(=O)c2ccc(OCCCN3CCCC3)cc2)CC(C)(C)c2c1[nH]c1ccccc21,362.0,-2.558708570533166,1,CHEMBL602494
CC(C)OC(=O)C1=CN(C(=O)c2ccc(OCCCN3CCCCC3)cc2)CC(C)(C)c2c1[nH]c1ccccc21,424.0,-2.6273658565927325,1,CHEMBL602495
CC(C)OC(=O)C1=CN(C(=O)c2ccc(OCCCN3CCN(C)CC3)cc2)CC(C)(C)c2c1[nH]c1ccccc21,194.0,-2.287801729930226,1,CHEMBL592647
CC(C)OC(=O)C1=CN(C(=O)c2cccc(OCCN(C)C)c2)CC(C)(C)c2c1[nH]c1ccccc21,1386.0,-3.141763230275788,0,CHEMBL602693
CC(C)OC(=O)C1=CN(C(=O)c2cccc(OCCN3CCCC3)c2)CC(C)(C)c2c1[nH]c1ccccc21,1317.0,-3.119585774961784,1,CHEMBL602287
CC(C)OC(=O)C1=CN(C(=O)c2cccc(OCCN3CCCCC3)c2)CC(C)(C)c2c1[nH]c1ccccc21,894.0,-2.951337518795918,1,CHEMBL602288
CC(C)OC(=O)C1=CN(C(=O)c2cccc(OCCN3CCOCC3)c2)CC(C)(C)c2c1[nH]c1ccccc21,855.0,-2.931966114728173,1,CHEMBL605996
CC(C)OC(=O)C1=CN(C(=O)c2cccc(OCCN3CCN(C)CC3)c2)CC(C)(C)c2c1[nH]c1ccccc21,2870.0,-3.4578818967339924,1,CHEMBL601251
CC(C)OC(=O)C1=CN(C(=O)c2cccc(OCCCN(C)C)c2)CC(C)(C)c2c1[nH]c1ccccc21,617.0,-2.7902851640332416,0,CHEMBL601459
CC(C)OC(=O)C1=CN(C(=O)c2cccc(OCCCN3CCCC3)c2)CC(C)(C)c2c1[nH]c1ccccc21,1603.0,-3.204933522354145,1,CHEMBL602059
CC(C)OC(=O)C1=CN(C(=O)c2cccc(OCCCN3CCCCC3)c2)CC(C)(C)c2c1[nH]c1ccccc21,1121.0,-3.049605612594973,1,CHEMBL604335
CC(C)OC(=O)C1=CN(C(=O)c2cccc(OCCCN3CCOCC3)c2)CC(C)(C)c2c1[nH]c1ccccc21,796.0,-2.900913067737669,1,CHEMBL602061
CC(C)OC(=O)C1=CN(C(=O)c2cccc(OCCCN3CCN(C)CC3)c2)CC(C)(C)c2c1[nH]c1ccccc21,1023.0,-3.00987563371216,1,CHEMBL602709
CC(C)OC(=O)C1=CN(C(=O)c2ccc(OCCCN3CCOCC3)cc2)CC(C)(C)c2c1[nH]c1cc(F)ccc21,88.0,-1.944482672150169,1,CHEMBL589766
CC(C)OC(=O)C1=CN(C(=O)c2ccc(OCCN3CCOCC3)cc2)CC(C)(C)c2c1[nH]c1cc(F)ccc21,99.0,-1.99563519459755,1,CHEMBL601221
Cc1cc(C(F)(F)F)cc(OCc2c(-c3c(Cl)cccc3Cl)noc2C(C)C)n1,225.0,-2.3521825181113627,0,CHEMBL1209061
CC(C)c1onc(-c2c(Cl)cccc2Cl)c1COc1ccc(N(C)Cc2ccc(CCC(=O)O)cc2)c(C(F)(F)F)n1,22.666666666666668,-1.355387657986574,0,CHEMBL1209110
CC(C)c1onc(-c2c(Cl)cccc2Cl)c1COc1ccc(N(C)Cc2ccc(OCCO)cc2)c(C(F)(F)F)n1,159.5,-2.2027606873932,0,CHEMBL1209169
CN(Cc1cccc(C(=O)O)c1)c1ccc(OCc2c(-c3c(Cl)cccc3Cl)noc2C2CC2)nc1C(F)(F)F,4.666666666666667,-0.6690067809585756,0,CHEMBL1209170
O=C(O)CCc1ccc(NC(=O)[C@H](C2CCCCC2)n2c(-c3ccc(Cl)cc3)nc3cc(F)c(F)cc32)c(F)c1,36.0,-1.5563025007672873,1,CHEMBL1668248
O=C(NC1CCCCC1)[C@H](C1CCCCC1)n1c(-c2ccc(Cl)cc2)nc2cc(F)c(F)cc21,50.0,-1.6989700043360187,1,CHEMBL1668238
O=C(O)c1ccc(NC(=O)[C@H](C2CCCCC2)n2c(-c3ccc(Cl)cc3)nc3cc(F)c(F)cc32)c(C(F)(F)F)c1,50.0,-1.6989700043360187,0,CHEMBL1668244
O=C(O)c1ccc(NC(=O)[C@H](C2CCCCC2)n2c(-c3ccc(Cl)cc3)nc3ccccc32)c(C(F)(F)F)c1,90.0,-1.9542425094393248,0,CHEMBL1668259
O=C(N[C@H]1CC[C@H](O)CC1)[C@H](C1CCCCC1)n1c(-c2ccc(Cl)cc2)nc2cc(F)c(F)cc21,300.0,-2.4771212547196626,1,CHEMBL1668239
O=C(O)c1ccc(NC(=O)[C@H](C2CCCCC2)n2c(-c3ccc(Cl)cc3)nc3cc(F)c(F)cc32)c(F)c1,300.0,-2.4771212547196626,0,CHEMBL1615152
O=C(O)c1ccc(NC(=O)[C@H](C2CCCCC2)n2c(-c3ccc(Cl)cc3)nc3cc(F)c(F)cc32)c(Cl)c1,300.0,-2.4771212547196626,0,CHEMBL1668243
O=C(Nc1ccc(-c2nnn[nH]2)cc1F)[C@H](C1CCCCC1)n1c(-c2ccc(Cl)cc2)nc2cc(F)c(F)cc21,300.0,-2.4771212547196626,0,CHEMBL1668257
Cc1cc(C(=O)O)ccc1NC(=O)[C@H](C1CCCCC1)n1c(-c2ccc(Cl)cc2)nc2cc(F)c(F)cc21,500.0,-2.6989700043360187,1,CHEMBL1615150
O=C(Nc1ccc(OC2(C(=O)O)CC2)cc1F)[C@H](C1CCCCC1)n1c(-c2ccc(Cl)cc2)nc2cc(F)c(F)cc21,600.0,-2.7781512503836434,0,CHEMBL1668249
O=C(O)c1ccc(NC(=O)[C@H](C2CCCCC2)n2c(-c3ccc(Cl)cc3)nc3cc(F)ccc32)c(F)c1,1100.0,-3.041392685158225,1,CHEMBL1668258
COc1ccc(-c2nc3cc(F)c(F)cc3n2[C@H](C(=O)N[C@H]2CC[C@H](C(=O)O)CC2)C2CCCCC2)c(Cl)n1,1100.0,-3.041392685158225,0,CHEMBL1668262
O=C(O)c1cc(F)c(NC(=O)[C@H](C2CCCCC2)n2c(-c3ccc(Cl)cc3)nc3cc(F)c(F)cc32)c(F)c1,1400.0,-3.146128035678238,1,CHEMBL1615154
COc1ccc(-c2nc3cc(F)c(F)cc3n2[C@H](C(=O)N[C@H]2CC[C@H](C(=O)O)CC2)C2CCCCC2)c(OC)n1,1700.0,-3.230448921378274,0,CHEMBL1668261
O=C(O)CCc1ccc(NC(=O)C(C2CCCCC2)n2c(-c3ccc(Cl)cc3)nc3cc(F)c(F)cc32)cc1,2000.0,-3.3010299956639813,1,CHEMBL1668247
O=C(O)c1ccc(NC(=O)[C@H](C2CCCCC2)n2c(-c3ccc(Cl)cc3)nc3cc(F)c(F)cc32)cc1,2500.0,-3.397940008672037,1,CHEMBL1615153
O=C(N[C@H]1CC[C@H](C(=O)O)CC1)[C@H](C1CCCCC1)n1c(-c2ccc(Cl)cc2)nc2cc(F)c(F)cc21,2700.0,-3.431363764158988,0,CHEMBL1668240
O=C(O)Cc1ccc(NC(=O)C(C2CCCCC2)n2c(-c3ccc(Cl)cc3)nc3cc(F)c(F)cc32)cc1,4900.0,-3.690196080028514,1,CHEMBL1668246
O=C(O)C[C@H]1CC[C@H](NC(=O)[C@H](C2CCCCC2)n2c(-c3ccc(Cl)cc3)nc3cc(F)c(F)cc32)CC1,5000.0,-3.6989700043360183,1,CHEMBL1668251
O=C(N[C@H]1CC[C@H](C(=O)O)CC1)[C@H](C1CCCCC1)n1c(-c2ccc(Cl)nc2)nc2cc(F)c(F)cc21,9700.0,-3.9867717342662448,1,CHEMBL1668260
O=C(O)CO[C@H]1CC[C@H](NC(=O)[C@H](C2CCCCC2)n2c(-c3ccc(Cl)nc3)nc3cc(F)c(F)cc32)CC1,9900.0,-3.9956351945975497,0,CHEMBL1668252
O=C(NC[C@H]1CC[C@H](C(=O)O)CC1)[C@H](C1CCCCC1)n1c(-c2ccc(Cl)cc2)nc2cc(F)c(F)cc21,10000.0,-4.0,1,CHEMBL1668250
COc1cc(C(=O)O)ccc1NC(=O)[C@H](C1CCCCC1)n1c(-c2ccc(Cl)cc2)nc2cc(F)c(F)cc21,10400.0,-4.017033339298781,1,CHEMBL1668245
Cc1nc(NC(=O)C(C2CCCCC2)n2c(-c3ccc(Cl)cc3)nc3cc(F)c(F)cc32)sc1C(=O)O,10400.0,-4.017033339298781,0,CHEMBL1668253
O=C(O)c1ccc(NC(=O)C(C2CCCCC2)n2c(-c3ccc(Cl)cc3)nc3cc(F)c(F)cc32)nc1,10600.0,-4.02530586526477,1,CHEMBL1668255
O=C(O)c1cccc(NC(=O)C(C2CCCCC2)n2c(-c3ccc(Cl)cc3)nc3cc(F)c(F)cc32)c1,10700.0,-4.02938377768521,0,CHEMBL1668242
CC(C)c1onc(-c2c(Cl)cccc2Cl)c1COc1ccc(-c2ccc3nc(C(=O)O)nnc3c2)cc1,360.0,-2.5563025007672877,1,CHEMBL1672455
CC(C)COc1cc(C(=O)O)nc2ccc(-c3ccc(OCc4c(-c5c(Cl)cccc5Cl)noc4C(C)C)cc3)cc12,79.5,-1.9003671286564705,0,CHEMBL1672467
O=S(=O)(Nc1ccc(C(O)(C(F)(F)F)C(F)(F)F)cc1)c1cccc2ccccc12,12000.0,-4.079181246047625,0,CHEMBL1709579
CC[C@@H]1[C@@H]2C[C@H](O)CC[C@]2(C)[C@H]2CC[C@@]3(C)[C@@H](CC[C@@H]3[C@H](C)CCNC(=O)OC/C=C/c3ccccc3)[C@@H]2[C@@H]1O,150.0,-2.1760912590556813,0,CHEMBL1765565
CC(C)c1onc(-c2c(Cl)cccc2Cl)c1COc1ccc(-c2ccc3c(C(=O)O)csc3c2)cc1,22.5,-1.3521825181113625,1,CHEMBL1834968
CC(C)c1onc(-c2c(Cl)cccc2Cl)c1COc1ccc(-c2ccc3c(C(=O)O)c[nH]c3c2)cc1,25.5,-1.4065401804339552,1,CHEMBL1835044
CC(C)c1onc(-c2c(Cl)cccc2Cl)c1COc1ccc(N(C(=O)c2cccc(C(=O)O)c2)c2cccc3ccccc23)c(Cl)c1,410.0,-2.6127838567197355,0,CHEMBL2032446
CC(C)c1onc(-c2c(Cl)cccc2Cl)c1COc1ccc(C(=O)N(Cc2ccccc2)c2ccc(C(=O)O)cc2)c(Cl)c1,2600.0,-3.4149733479708178,0,CHEMBL2017548
CC(C)c1onc(-c2c(Cl)cccc2Cl)c1COc1ccc(C(=O)N(c2cccc(C(=O)O)c2)c2cccc3ccccc23)c(Cl)c1,3000.0,-3.4771212547196626,0,CHEMBL2017542
CCCCN(C(=O)c1ccc(OCc2c(-c3c(Cl)cccc3Cl)noc2C(C)C)cc1Cl)c1cccc(C(=O)O)c1,1100.0,-3.041392685158225,0,CHEMBL2017541
COc1ccccc1-n1nc(C)c2c1NC(=O)[C@H](C)S[C@@H]2c1ccc(Oc2ccccc2)cc1,3300.0,-3.5185139398778875,0,CHEMBL2037335
Cc1nn(-c2ccccc2I)c2c1C(c1ccc(Oc3ccccc3)cc1)SC(C)C(=O)N2,1300.0,-3.113943352306837,0,CHEMBL2037334
Cc1nn(-c2ccccc2Br)c2c1C(c1ccc(Oc3ccccc3)cc1)SC(C)C(=O)N2,1800.0,-3.255272505103306,0,CHEMBL2037333
Cc1nn(-c2ccccc2Cl)c2c1C(c1ccc(Oc3ccccc3)cc1)SC(C)C(=O)N2,2700.0,-3.431363764158988,0,CHEMBL2037332
Cc1nn(-c2ccccc2F)c2c1C(c1ccc(Oc3ccccc3)cc1)SC(C)C(=O)N2,3900.0,-3.591064607026499,0,CHEMBL2037331
Cc1nn(-c2ccccc2C(F)(F)F)c2c1C(c1ccc(Oc3ccccc3)cc1)SC(C)C(=O)N2,2000.0,-3.3010299956639813,0,CHEMBL2037330
Cc1nn(-c2ccccc2C(C)C)c2c1[C@@H](c1ccc(Oc3ccccc3)cc1)S[C@@H](C)C(=O)N2,1900.0,-3.278753600952829,0,CHEMBL2037329
CCCc1ccccc1-n1nc(C)c2c1NC(=O)[C@H](C)S[C@@H]2c1ccc(Oc2ccccc2)cc1,1100.0,-3.041392685158225,0,CHEMBL2037328
CCc1ccccc1-n1nc(C)c2c1NC(=O)[C@H](C)S[C@@H]2c1ccc(Oc2ccccc2)cc1,1100.0,-3.041392685158225,0,CHEMBL2037327
Cc1ccc(-n2nc(C)c3c2NC(=O)[C@H](C)S[C@@H]3c2ccc(Oc3ccccc3)cc2)cc1,3400.0,-3.531478917042255,0,CHEMBL2037326
Cc1cccc(-n2nc(C)c3c2NC(=O)[C@H](C)S[C@@H]3c2ccc(Oc3ccccc3)cc2)c1,2400.0,-3.380211241711606,0,CHEMBL2037325
COc1cc([C@H]2S[C@@H](C)C(=O)Nc3c2c(C)nn3-c2ccccc2C)ccc1Oc1ccccc1,1900.0,-3.278753600952829,0,CHEMBL2037324
COc1ccc(Oc2ccc([C@H]3S[C@@H](C)C(=O)Nc4c3c(C)nn4-c3ccccc3C)cc2)cc1,2200.0,-3.342422680822206,0,CHEMBL2037316
COc1cccc(Oc2ccc([C@H]3S[C@@H](C)C(=O)Nc4c3c(C)nn4-c3ccccc3C)cc2)c1,1700.0,-3.230448921378274,0,CHEMBL2037315
COc1ccccc1Oc1ccc([C@H]2S[C@@H](C)C(=O)Nc3c2c(C)nn3-c2ccccc2C)cc1,1700.0,-3.230448921378274,0,CHEMBL2037314
Cc1ccccc1-n1nc(C)c2c1NC(=O)[C@H](C)S[C@@H]2c1ccc(-c2cc3ccccc3o2)cc1,1500.0,-3.1760912590556813,0,CHEMBL2037312
Cc1ccccc1-n1nc(C)c2c1NC(=O)[C@H](C)S[C@@H]2c1ccc(-c2ccoc2)cc1,3500.0,-3.544068044350276,0,CHEMBL2037306
Cc1ccccc1-n1nc(C)c2c1NC(=O)[C@H](C)S[C@@H]2c1ccc(-c2ccco2)cc1,3600.0,-3.5563025007672877,0,CHEMBL2037305
Cc1ccccc1-n1nc(C)c2c1NC(=O)[C@H](C)S[C@@H]2c1ccc(-c2ccsc2)cc1,1400.0,-3.146128035678238,0,CHEMBL2037311
Cc1ccccc1-n1nc(C)c2c1NC(=O)[C@H](C)S[C@@H]2c1ccc(-c2cccs2)cc1,2600.0,-3.4149733479708178,0,CHEMBL2037310
CCOc1cccc(-c2ccc([C@H]3S[C@@H](C)C(=O)Nc4c3c(C)nn4-c3ccccc3C)cc2)c1,3500.0,-3.544068044350276,0,CHEMBL2037190
COc1ccc(-c2ccc([C@H]3S[C@@H](C)C(=O)Nc4c3c(C)nn4-c3ccccc3C)cc2)cc1,1200.0,-3.0791812460476247,0,CHEMBL2037189
COc1cccc(-c2ccc([C@H]3S[C@@H](C)C(=O)Nc4c3c(C)nn4-c3ccccc3C)cc2)c1,1800.0,-3.255272505103306,0,CHEMBL2037188
COc1ccccc1-c1ccc([C@H]2S[C@@H](C)C(=O)Nc3c2c(C)nn3-c2ccccc2C)cc1,1100.0,-3.041392685158225,0,CHEMBL2037187
Cc1ccccc1-n1nc(C)c2c1NC(=O)[C@H](C)S[C@@H]2c1ccc(-c2ccccc2)cc1,990.0,-2.9956351945975497,0,CHEMBL2037186
COc1ccc(C2SC(C)C(=O)Nc3c2c(C)nn3-c2ccccc2C)c(OC)c1,10500.0,-4.021189299069938,0,CHEMBL2037185
COC(=O)/C=C/c1cccc(N(Cc2ccc(-c3ccc(C(C)(C)C)cc3)cc2)C(=O)C(C)C)c1,343.0,-2.5352941200427703,0,CHEMBL2158160
COC(=O)/C=C/c1cccc(N(Cc2ccc(-c3ccccc3OC)cc2)C(=O)C(C)C)c1,377.0,-2.576341350205793,1,CHEMBL2158161
COC(=O)/C=C/c1cccc(N(Cc2ccc(/C=C/c3ccccc3)cc2)C(=O)C2CCCCC2)c1,36.0,-1.5563025007672873,1,CHEMBL2158162
Cc1cc(OCc2c(-c3c(Cl)cncc3Cl)noc2C(C)C)ccc1-c1ccc2c(c1)c(C(=O)O)cn2C,94.0,-1.9731278535996983,0,CHEMBL2158164
CC1(C)CCC[C@@]2(C)[C@H]1CC[C@]1(C)[C@@H](CCc3ccoc3)[C@H](CCCO)CC[C@H]21,30000.0,-4.477121254719663,0,CHEMBL2386488
CC1(C)CCC[C@@]2(C)[C@H]1CC[C@]1(C)[C@@H](CCc3ccoc3)[C@@H](O)CC[C@H]21,25000.0,-4.3979400086720375,0,CHEMBL2386485
CCC1SC(c2ccc(Oc3ccccc3)cc2)c2c(C)nn(-c3ccccc3C)c2NC1=O,3000.0,-3.4771212547196626,0,CHEMBL2398209
Cc1ccccc1-n1nc(C)c2c1NC(=O)CS[C@H]2c1ccc(Oc2ccccc2)cc1,14000.0,-4.146128035678238,0,CHEMBL2398208
CCc1nn(-c2ccccc2C)c2c1[C@@H](c1ccc(Oc3ccccc3)cc1)S[C@@H](C)C(=O)N2,2000.0,-3.3010299956639813,0,CHEMBL2398207
CCN(c1ccc(C(O)(C(F)(F)F)C(F)(F)F)cc1)S(=O)(=O)c1ccccc1,9000.0,-3.9542425094393248,0,CHEMBL2326845
O=S(=O)(c1ccc(F)cc1)N(CC(F)(F)F)c1ccc(C(O)(C(F)(F)F)C(F)(F)F)cc1,1000.0,-3.0,0,CHEMBL3094369
N#Cc1ccc(S(=O)(=O)N(CC(F)(F)F)c2ccc(C(O)(C(F)(F)F)C(F)(F)F)cc2)cc1,3000.0,-3.4771212547196626,0,CHEMBL3094367
Cc1ccc2nc(-c3cccs3)c(NCc3ccc4c(c3)OCO4)n2c1,480.0,-2.681241237375587,0,CHEMBL3219412
CCc1ccc(C(=O)Nc2ccccc2C(=O)NCCCC(=O)O)cc1,5800.0,-3.763427993562937,0,CHEMBL3262946
CC(C)(C)c1ccc(C(=O)Nc2ccccc2C(=O)NCCCC(=O)O)cc1,2500.0,-3.397940008672037,0,CHEMBL3262947
O=C(O)CCCNC(=O)c1ccccc1NC(=O)/C=C/c1ccccc1,720.0,-2.8573324964312685,0,CHEMBL3263240
COC(=O)CCCNC(=O)c1ccccc1NC(=O)c1ccc2ccccc2c1,7100.0,-3.851258348719076,0,CHEMBL3263243
O=C(O)CCCCNC(=O)c1ccccc1NC(=O)c1ccc2ccccc2c1,8300.0,-3.9190780923760737,0,CHEMBL3263244
O=C(O)CCCCCNC(=O)c1ccccc1NC(=O)c1ccc2ccccc2c1,4400.0,-3.643452676486187,0,CHEMBL3263245
O=C(O)c1ccc(NC(=O)c2ccccc2NC(=O)c2ccc3ccccc3c2)cc1,1000.0,-3.0,0,CHEMBL3263246
O=C(O)c1cccc(NC(=O)c2ccccc2NC(=O)c2ccc3ccccc3c2)c1,1500.0,-3.1760912590556813,0,CHEMBL3263247
O=C(O)c1ccc(CNC(=O)c2ccccc2NC(=O)c2ccc3ccccc3c2)cc1,1300.0,-3.113943352306837,0,CHEMBL3263248
O=C(O)Cc1ccc(NC(=O)c2ccccc2NC(=O)c2ccc3ccccc3c2)cc1,3100.0,-3.4913616938342726,0,CHEMBL3263249
CC(C)c1occ(COc2c(Cl)cccc2Cl)c1COc1ccc(/C=C/c2cccc(C(=O)O)c2)c(Cl)c1,1230.0,-3.089905111439398,1,CHEMBL3357417
CC(C)CN(Cc1ccc(-c2ccc(S(C)(=O)=O)cc2)cc1)S(=O)(=O)Cc1ccccc1,2400.0,-3.380211241711606,0,CHEMBL3263710
CC[C@@H]1[C@@H]2C[C@H](O)CC[C@]2(C)[C@H]2CC[C@@]3(C)[C@@H](CC[C@@H]3[C@H](C)CCO)[C@@H]2[C@@H]1O,2000.0,-3.3010299956639813,1,CHEMBL3342086
CC(C)(C)c1ccc(C(=O)Nc2ccccc2C(=O)Nc2cccc(C(=O)O)c2)cc1,280.0,-2.4471580313422194,1,CHEMBL3335622
O=C(O)c1cccc(NC(=O)c2ccccc2NC(=O)c2ccc(C(F)(F)F)cc2)c1,6900.0,-3.838849090737255,1,CHEMBL3335623
O=C(O)c1cccc(NC(=O)c2ccccc2NC(=O)c2ccc(Br)cc2)c1,3700.0,-3.568201724066995,0,CHEMBL3335624
O=C(O)c1cccc(NC(=O)c2ccccc2NC(=O)c2ccc3c(c2)OCO3)c1,10000.0,-4.0,0,CHEMBL3335625
O=C(O)c1cccc(NC(=O)c2ccccc2NC(=O)c2ccc3c(c2)OCCO3)c1,4900.0,-3.690196080028514,0,CHEMBL3335627
O=C(O)c1cccc(NC(=O)c2ccccc2NC(=O)c2ccc(C(F)(F)F)c(F)c2)c1,5000.0,-3.6989700043360183,0,CHEMBL3335628
O=C(/C=C/c1ccccc1)Nc1ccccc1C(=O)Nc1cccc(C(=O)O)c1,5200.0,-3.716003343634799,0,CHEMBL3335644
CC(=O)c1cccc(NC(=O)c2ccccc2NC(=O)c2ccc(C(C)(C)C)cc2)c1,480.0,-2.681241237375587,1,CHEMBL3335645
CC(C)(C)c1ccc(C(=O)Nc2ccccc2C(=O)Nc2cccc(C#N)c2)cc1,230.0,-2.361727836017593,0,CHEMBL3335646
COc1cccc(NC(=O)c2ccccc2NC(=O)c2ccc(C(C)(C)C)cc2)c1,380.0,-2.57978359661681,0,CHEMBL3335647
CSc1cccc(NC(=O)c2ccccc2NC(=O)c2ccc(C(C)(C)C)cc2)c1,200.0,-2.3010299956639813,0,CHEMBL3335648
CC(C)(C)c1ccc(C(=O)Nc2ccccc2C(=O)Nc2cccc(-c3nnn[nH]3)c2)cc1,2900.0,-3.462397997898956,0,CHEMBL3335649
CC(C)(C)c1ccc(C(=O)Nc2ccccc2C(=O)Nc2cccc(C(N)=O)c2)cc1,72.0,-1.8573324964312683,1,CHEMBL3335650
COc1ccc(NC(=O)c2ccccc2NC(=O)c2ccc(C(C)(C)C)cc2)cc1OC,71.0,-1.8512583487190752,0,CHEMBL3335651
CC(C)(C)c1ccc(C(=O)Nc2ccccc2C(=O)Nc2cccc(CC(=O)O)c2)cc1,420.0,-2.6232492903979003,0,CHEMBL3335653
CC(C)(C)c1ccc(C(=O)Nc2ccccc2C(=O)Nc2cccc(CCC(=O)O)c2)cc1,62.0,-1.792391689498254,1,CHEMBL3335654
Cc1c(NC(=O)c2ccccc2NC(=O)c2ccc(C(C)(C)C)cc2)cccc1C(=O)O,42.0,-1.6232492903979006,0,CHEMBL3335656
COc1ccc(C(=O)O)cc1NC(=O)c1ccccc1NC(=O)c1ccc(C(C)(C)C)cc1,4700.0,-3.6720978579357175,0,CHEMBL3335657
CC(C)(C)c1ccc(C(=O)Nc2ccccc2C(=O)Nc2cc(C(=O)O)ccc2F)cc1,480.0,-2.681241237375587,0,CHEMBL3335658
CC(C)(C)c1ccc(C(=O)Nc2ccccc2C(=O)Nc2cc(C(=O)O)ccc2Cl)cc1,1100.0,-3.041392685158225,0,CHEMBL3335659
Cc1ccc(NC(=O)c2ccccc2NC(=O)c2ccc(C(C)(C)C)cc2)cc1C(=O)O,45.0,-1.6532125137753435,0,CHEMBL3335660
COc1ccc(NC(=O)c2ccccc2NC(=O)c2ccc(C(C)(C)C)cc2)cc1C(=O)O,47.0,-1.6720978579357175,0,CHEMBL3335661
CC(C)(C)c1ccc(C(=O)Nc2ccccc2C(=O)Nc2ccc(Cl)c(C(=O)O)c2)cc1,280.0,-2.4471580313422194,0,CHEMBL3335662
CC(C)(C)c1ccc(C(=O)Nc2ccccc2C(=O)Nc2ccc(Br)c(C(=O)O)c2)cc1,150.0,-2.1760912590556813,0,CHEMBL3335663
Cc1ccc(C(=O)Nc2cccc(C(=O)O)c2)c(NC(=O)c2ccc(C(C)(C)C)cc2)c1,61.0,-1.7853298350107671,1,CHEMBL3335670
CC(C)(C)c1ccc(C(=O)Nc2cc(Br)ccc2C(=O)Nc2cccc(C(=O)O)c2)cc1,48.0,-1.6812412373755872,1,CHEMBL3335671
COc1ccc(C(=O)Nc2cccc(C(=O)O)c2)c(NC(=O)c2ccc(C(C)(C)C)cc2)c1,8.0,-0.9030899869919436,1,CHEMBL3335672
Cc1ccc(NC(=O)c2ccc(Cl)cc2NC(=O)c2ccc(C(C)(C)C)cc2)cc1C(=O)O,110.0,-2.041392685158225,0,CHEMBL3335673
COc1ccc(C(=O)Nc2ccc(C)c(C(=O)O)c2)c(NC(=O)c2ccc(C(C)(C)C)cc2)c1,87.0,-1.9395192526186185,1,CHEMBL3335674
Cc1ccc(C(=O)Nc2ccc(C)c(C(=O)O)c2)c(NC(=O)c2ccc(C(C)(C)C)cc2)c1,43.0,-1.6334684555795866,0,CHEMBL3335675
O=C(O)c1cccc(NC(=O)c2cc(Cl)ccc2NC(=O)c2ccc(C(F)(F)F)cc2)c1,3400.0,-3.531478917042255,0,CHEMBL3393177
O=C(O)c1cccc(NC(=O)c2ccc(Cl)cc2NC(=O)c2ccc(C(F)(F)F)cc2)c1,2100.0,-3.322219294733919,1,CHEMBL3393178
O=C(O)Cc1cccc(NC(=O)c2ccccc2NC(=O)c2ccc(C(F)(F)F)cc2)c1,2600.0,-3.4149733479708178,0,CHEMBL3393179
O=C(O)CCc1cccc(NC(=O)c2ccccc2NC(=O)c2ccc(C(F)(F)F)cc2)c1,2300.0,-3.361727836017593,1,CHEMBL3393180
O=C(O)Cc1cccc(NC(=O)c2ccccc2NC(=O)c2ccc(-c3ccccc3)cc2)c1,700.0,-2.845098040014257,0,CHEMBL3393181
CSc1ccc(C(=O)Nc2ccccc2C(=O)Nc2cccc(CC(=O)O)c2)cc1,8500.0,-3.929418925714293,0,CHEMBL3393182
O=C(O)Cc1cccc(NC(=O)c2ccccc2NC(=O)c2ccc(SC(F)(F)F)cc2)c1,7000.0,-3.845098040014257,0,CHEMBL3393183
O=C(O)Cc1cccc(NC(=O)c2ccccc2NC(=O)c2ccc3ccccc3c2)c1,2500.0,-3.397940008672037,0,CHEMBL3393187
CC(=O)N1CCN(c2ccc(CN(C3CCC3)S(=O)(=O)Cc3ccccc3F)c(F)c2)CC1,6100.0,-3.785329835010767,0,CHEMBL3581533
CCN(CC)c1ccc2cc(-c3nc(-c4ccccc4)no3)c(=O)oc2c1,460.0,-2.6627578316815743,0,CHEMBL1474248
Cc1ccccc1-c1noc(-c2cccc(C(=O)O)c2)n1,7.2,-0.8573324964312685,1,CHEMBL3589975
Cc1ccccc1-c1noc(-c2ccc(C(=O)O)cc2)n1,220.0,-2.342422680822206,1,CHEMBL3589974
Cc1ccc(-c2noc(-c3ccc(Cl)cc3)n2)cc1,410.0,-2.6127838567197355,0,CHEMBL3589973
Brc1ccc(-c2nc(-c3ccccc3)no2)cc1,350.0,-2.544068044350276,0,CHEMBL3589972
COc1ccc(-c2nc(-c3ccccc3C)no2)cc1,120.0,-2.0791812460476247,0,CHEMBL3589970
COc1ccc(-c2nc(-c3cccc(C(F)(F)F)c3)no2)cc1,2900.0,-3.462397997898956,0,CHEMBL3589969
c1ccc(-c2noc(-c3ccccc3)n2)cc1,530.0,-2.724275869600789,0,CHEMBL2069933
O=C(Nc1ccc2c(c1)N(S(=O)(=O)c1ccc(F)cc1)CCC2)c1c(F)cccc1F,7600.0,-3.880813592280792,0,CHEMBL3617295
O=C(Nc1ccc2c(c1)N(S(=O)(=O)c1ccc(F)cc1)CC2)c1c(F)cccc1F,4200.0,-3.6232492903979,0,CHEMBL3617297
O=C(Nc1ccc2c(c1)N(S(=O)(=O)c1ccc(F)cc1)CCC2)c1ccccc1Cl,5900.0,-3.770852011642144,0,CHEMBL3617309
O=C(Nc1ccc2c(c1)N(S(=O)(=O)c1ccc(F)cc1)CCC2)c1c(F)cccc1Cl,5300.0,-3.724275869600789,0,CHEMBL3314003
CC(C)(C)OC(=O)/N=C(\NCCCc1cc(C(=O)NCc2ccncc2)no1)NC(=O)OC(C)(C)C,15390.0,-4.187238619831478,0,CHEMBL3740161
CC(C)(C)OC(=O)/N=C(/NCCc1cc(NC(=O)Nc2ccncc2)no1)NC(=O)OC(C)(C)C,29940.0,-4.476251796007033,0,CHEMBL3741084
C[Si](C)(O)c1ccc(N(CC(F)(F)F)S(=O)(=O)c2ccccc2)cc1,11000.0,-4.041392685158225,0,CHEMBL3781062
COc1ccc(C(C)(C)c2cnc(SCCOc3ccc(-n4ccnc4)cc3)n2-c2ccc(F)cc2)cc1OC,6400.0,-3.806179973983887,0,CHEMBL3793436
CNC(=O)O[C@@H](CC(C)C)c1nc([C@H]2OC(=O)/C(C)=C/C/C(C)=C/[C@@H](O)[C@@H](C)/C=C(C)\C=C(C)/C=C/[C@@H](O)[C@H](C)[C@H](OC)/C(C)=C/C=C/[C@@H]2C)cs1,200.0,-2.3010299956639813,0,CHEMBL241106
CS(=O)(=O)NC(=O)c1ccc([C@@H]2C[C@H]2c2ccc(OCc3c(-c4c(Cl)cccc4Cl)noc3C3CC3)cc2Cl)cc1,46.0,-1.662757831681574,0,CHEMBL3823077
Cn1nc(C(=O)O)c2ccc(C3CC3c3ccc(OCc4c(-c5c(Cl)cccc5Cl)noc4C4CC4)cc3Cl)cc21,13.5,-1.130333768495006,0,CHEMBL3824337
O=C(O)c1cncc(C2CC2c2ccc(OCc3c(-c4c(Cl)cccc4Cl)noc3C3CC3)cc2Cl)c1,12.0,-1.0791812460476249,0,CHEMBL3824163
O=C(O)c1ccc(C2CC2c2ccc(OCc3c(-c4c(Cl)cccc4Cl)noc3C3CC3)cc2Cl)cn1,61.5,-1.7888751157754168,0,CHEMBL3823070
O=C(O)c1cccc([C@H]2C[C@](O)(c3ccc(OCc4c(-c5c(Cl)cccc5Cl)noc4C4CC4)cc3Cl)C2)c1,27.0,-1.4313637641589874,1,CHEMBL3822901
O=C(O)c1cccc([C@H]2C[C@](OCCO)(c3ccc(OCc4c(-c5c(Cl)cccc5Cl)noc4C4CC4)cc3Cl)C2)c1,375.0,-2.574031267727719,1,CHEMBL3823467
CC(C)c1onc(-c2c(Cl)cccc2Cl)c1COc1ccc(/C=C/c2cccc(C(=O)NNC(=S)Nc3ccc(-c4c5ccc(=O)cc-5oc5cc(O)ccc45)c(C(=O)O)c3)c2)c(Cl)c1,550.0,-2.740362689494244,0,CHEMBL2398426
Cc1ccc(C(=O)NCc2ccc(C(=O)O)cc2)cc1C,320.0,-2.505149978319906,0,CHEMBL4097715
O=C(O)c1ccc(CNC(=O)c2cccc(-c3ccccc3)c2)cc1,670.0,-2.8260748027008264,0,CHEMBL4095466
O=C(O)c1ccc(CNC(=O)c2ccc(-c3ccccc3)cc2)cc1,440.0,-2.6434526764861874,0,CHEMBL4068899
COc1ccc(C(=O)NCc2ccc(C(=O)O)cc2)cc1OC,370.0,-2.568201724066995,0,CHEMBL4084092
O=C(O)c1ccc(CNC(=O)c2ccc3ccccc3c2)cc1,1360.0,-3.133538908370217,0,CHEMBL4104364
CC(C)(C)c1ccc(C(=O)NCc2ccc(C(=O)O)cc2)cc1,370.0,-2.568201724066995,1,CHEMBL4094234
COc1cc(C(=O)NCc2ccc(C(=O)O)cc2)ccc1C(C)(C)C,1200.0,-3.0791812460476247,0,CHEMBL4067723
CC(C)(C)c1ccc(NC(=O)Nc2ccc(C(=O)O)cc2)cc1,3800.0,-3.57978359661681,1,CHEMBL4088942
CC(C)(C)c1ccc(C(=O)NCc2cccc(C(=O)O)c2)cc1,1700.0,-3.230448921378274,1,CHEMBL4078618
CC(C)(C)c1ccc(C(=O)NCc2ccc(CC(=O)O)cc2)cc1,6400.0,-3.806179973983887,1,CHEMBL4096637
CC(C)(C)c1ccc(C(=O)NCc2ccc(CCC(=O)O)cc2)cc1,350.0,-2.544068044350276,1,CHEMBL4072573
CC(C)(C)c1ccc(C(=O)NCc2ccc(OCC(=O)O)cc2)cc1,730.0,-2.863322860120456,1,CHEMBL4093296
Cc1cc(CNC(=O)c2ccc(C(C)(C)C)cc2)ccc1C(=O)O,160.0,-2.204119982655925,1,CHEMBL4079796
CC(C)(C)c1ccc(C(=O)NCc2ccc(C(=O)O)c(F)c2)cc1,140.0,-2.146128035678238,1,CHEMBL4104050
CC(C)(C)c1ccc(C(=O)NCc2ccc(C(=O)O)c(Cl)c2)cc1,8.8,-0.9444826721501688,1,CHEMBL4087682
CC(C)(C)c1ccc(C(=O)NCc2ccc(C(=O)O)cc2F)cc1,7.8,-0.8920946026904804,1,CHEMBL4060350
CC(C)(C)c1ccc(C(=O)NCc2ccc(C(=O)O)cc2Cl)cc1,7500.0,-3.8750612633917,1,CHEMBL4088582
CC(NC(=O)c1ccc(C(C)(C)C)cc1)c1ccc(C(=O)O)cc1,76.0,-1.8808135922807916,0,CHEMBL4069036
CC(C)(C)c1ccc(C(=O)NCc2ccc(C=O)cc2)cc1,5300.0,-3.724275869600789,1,CHEMBL4091019
CC(=O)c1ccc(CNC(=O)c2ccc(C(C)(C)C)cc2)cc1,100.0,-2.0,1,CHEMBL4076701
CC(C)(C)c1ccc(C(=O)NCc2ccc(C(N)=O)cc2)cc1,3800.0,-3.57978359661681,1,CHEMBL4081891
CNC(=O)c1ccc(CNC(=O)c2ccc(C(C)(C)C)cc2)cc1,340.0,-2.531478917042255,0,CHEMBL4072936
CN(C)C(=O)c1ccc(CNC(=O)c2ccc(C(C)(C)C)cc2)cc1,170.0,-2.230448921378274,0,CHEMBL4093640
CC(=O)Nc1ccc(CNC(=O)c2ccc(C(C)(C)C)cc2)cc1,2900.0,-3.462397997898956,1,CHEMBL4098909
CC(C)(C)c1ccc(C(=O)NCc2ccc(NC(=O)C(F)(F)F)cc2)cc1,260.0,-2.4149733479708178,1,CHEMBL4071919
CC(C)(C)c1ccc(C(=O)NCc2ccc(-c3nnn[nH]3)cc2)cc1,120.0,-2.0791812460476247,0,CHEMBL4063293
CC(C)(C)c1ccc(C(=O)NCc2ccc(S(N)(=O)=O)cc2)cc1,1400.0,-3.146128035678238,1,CHEMBL381544
CC(C)(C)c1ccc(C(=O)NCc2ccc(NS(C)(=O)=O)cc2)cc1,44.0,-1.6434526764861874,1,CHEMBL4061980
COc1ccc(CNC(=O)c2ccc(C(C)(C)C)cc2)cc1,150.0,-2.1760912590556813,1,CHEMBL1300445
CCOc1ccc(CNC(=O)c2ccc(C(C)(C)C)cc2)cc1,160.0,-2.204119982655925,1,CHEMBL4100178
CC(C)Oc1ccc(CNC(=O)c2ccc(C(C)(C)C)cc2)cc1,170.0,-2.230448921378274,1,CHEMBL4073326
CC(C)(C)c1ccc(C(=O)NCc2ccc(OC(F)(F)F)cc2)cc1,160.0,-2.204119982655925,1,CHEMBL4092436
CSc1ccc(CNC(=O)c2ccc(C(C)(C)C)cc2)cc1,100.0,-2.0,1,CHEMBL4064739
C[S+](O)c1ccc(CNC(=O)c2ccc(C(C)(C)C)cc2)cc1,1300.0,-3.113943352306837,1,CHEMBL4084686
CC(C)(C)c1ccc(C(=O)NCc2ccc(S(C)(=O)=O)cc2)cc1,3800.0,-3.57978359661681,1,CHEMBL4102626
CC(C)(C)c1ccc(C(=O)NCc2ccc(SC(F)(F)F)cc2)cc1,0.4,0.3979400086720376,1,CHEMBL4074393
CC(C)(C)c1ccc(C(=O)NCc2ccc(S(N)(=O)=O)cc2F)cc1,970.0,-2.9867717342662448,1,CHEMBL4094881
CC(C)(C)c1ccc(C(=O)NCc2ccc(NC(=O)C(F)(F)F)cc2Cl)cc1,14.0,-1.146128035678238,1,CHEMBL4087681
CC(C)(C)c1ccc(C(=O)NCc2ccc(NS(C)(=O)=O)cc2Cl)cc1,20.4,-1.3096301674258988,1,CHEMBL4066332
CC(C)(C)c1ccc(C(=O)NCc2ccc(N)cc2Cl)cc1,46.0,-1.662757831681574,0,CHEMBL4095371
O=C(O)c1ccc2nc(N3CCC(OCc4c(-c5c(Cl)cccc5Cl)noc4C4CC4)CC3)sc2c1,8.9,-0.9493900066449128,0,CHEMBL4075736
O=C(O)c1ccc2nc(N3CCC(OCc4c(-c5ccccc5C(F)(F)F)noc4C4CC4)CC3)sc2c1,68.0,-1.8325089127062364,1,CHEMBL4076625
O=C(O)c1ccc2nc(N3CCC(OCc4c(-c5ccccc5OC(F)(F)F)noc4C4CC4)CC3)sc2c1,19.0,-1.2787536009528289,0,CHEMBL4062760
O=C(O)c1ccc2nc(N3CCCC(OCc4c(-c5ccccc5OC(F)(F)F)noc4C4CC4)CC3)sc2c1,5.4,-0.7323937598229685,1,CHEMBL4062220
O=C(O)c1ccc2nc(N3C4CCC3CC(OCc3c(-c5ccccc5OC(F)(F)F)noc3C3CC3)C4)sc2c1,0.615,0.2111248842245832,0,CHEMBL4084716
Cc1cc(C(=O)O)cc2sc(N3C4CCC3CC(OCc3c(-c5ccccc5OC(F)(F)F)noc3C3CC3)C4)nc12,0.655,0.1837587000082169,0,CHEMBL4103787
COc1cc(C(=O)O)cc2sc(N3C4CCC3CC(OCc3c(-c5ccccc5OC(F)(F)F)noc3C3CC3)C4)nc12,0.495,0.3053948010664313,0,CHEMBL4076774
O=C(O)c1cc(F)c2nc(N3C4CCC3CC(OCc3c(-c5ccccc5OC(F)F)noc3C3CC3)C4)sc2c1,0.535,0.2716462179787715,0,CHEMBL4083548
O=C(O)c1cc(F)c2nc(N3C4CCC3CC(OCc3c(-c5ccccc5C(F)(F)F)noc3C3CC3)C4)sc2c1,0.5,0.3010299956639812,0,CHEMBL4061776
Cc1ccc2nc(-c3ccc(Cl)c(Cl)c3)c(NCc3ccccc3)n2c1,24.0,-1.380211241711606,0,CHEMBL4077285
Cc1ccc2nc(-c3cccc(Cl)c3)c(NCc3ccccc3)n2c1,16.0,-1.2041199826559248,1,CHEMBL4099199
Cc1ccc2nc(-c3ccc(Br)cc3)c(NCc3ccccc3)n2c1,430.0,-2.633468455579586,1,CHEMBL4080439
Cc1ccc2nc(-c3ccc(F)cc3)c(NCc3ccccc3)n2c1,170.0,-2.230448921378274,1,CHEMBL4078761
Cc1ccc2nc(-c3ccc(Cl)cc3)c(NCc3ccccc3)n2c1,240.0,-2.380211241711606,1,CHEMBL4075737
Cc1ccc2nc(-c3ccc4c(c3)OCCO4)c(NCc3ccccc3)n2c1,170.0,-2.230448921378274,0,CHEMBL4061996
COc1ccc(-c2nc3ccc(C)cn3c2NCc2ccccc2)cc1OC,910.0,-2.959041392321093,0,CHEMBL4077083
COc1ccc(-c2nc3ccc(C)cn3c2NCc2ccccc2)cc1,1270.0,-3.103803720955957,0,CHEMBL4101773
COc1cccc(-c2nc3ccc(C)cn3c2NCc2ccccc2)c1,250.0,-2.397940008672037,0,CHEMBL4083776
Cc1ccc2nc(/C=C/c3ccccc3)c(NCc3ccccc3)n2c1,1160.0,-3.0644579892269186,0,CHEMBL4089680
Cc1ccc2nc(CCc3ccccc3)c(NCc3ccccc3)n2c1,310.0,-2.4913616938342726,1,CHEMBL4068555
Cc1ccc2nc(-c3ccc4ccccc4c3)c(NCc3ccccc3)n2c1,210.0,-2.322219294733919,0,CHEMBL4079371
Cc1ccc2nc(-c3ccc(-c4ccccc4)cc3)c(NCc3ccccc3)n2c1,81.0,-1.9084850188786495,1,CHEMBL4105108
Cc1ccc(-c2nc3ccc(C)cn3c2NCc2ccccc2)cc1,130.0,-2.113943352306837,1,CHEMBL4087252
Cc1cccc(-c2nc3ccc(C)cn3c2NCc2ccccc2)c1,180.0,-2.255272505103306,1,CHEMBL4067513
Cc1ccc2nc(-c3ccccc3C)c(NCc3ccccc3)n2c1,260.0,-2.4149733479708178,1,CHEMBL4094934
Cc1ccc2nc(-c3ccccc3)c(NCc3ccccc3)n2c1,280.0,-2.4471580313422194,1,CHEMBL4066275
COc1ccc(CNc2c(-c3cccs3)nc3ccc(C)cn23)cc1,170.0,-2.230448921378274,0,CHEMBL4059715
Cc1ccc(CNc2c(-c3cccs3)nc3ccc(C)cn23)cc1,220.0,-2.342422680822206,0,CHEMBL4081655
Cc1ccc2nc(-c3cccs3)c(Cc3ccccc3)n2c1,810.0,-2.908485018878649,1,CHEMBL4090443
Cc1ccn2c(NCCCCc3ccccc3)c(-c3cccs3)nc2c1,750.0,-2.8750612633917,0,CHEMBL4062465
Cc1ccc2nc(-c3cccs3)c(NCCCc3ccccc3)n2c1,230.0,-2.361727836017593,0,CHEMBL4082610
Cc1ccc2nc(-c3cccs3)c(NCCc3ccccc3)n2c1,1000.0,-3.0,1,CHEMBL4100621
c1ccc(CNc2c(-c3cccs3)nc3ccc(-c4ccccc4)cn23)cc1,200.0,-2.3010299956639813,0,CHEMBL4074623
COc1ccc2nc(-c3cccs3)c(NCc3ccccc3)n2c1,830.0,-2.9190780923760737,1,CHEMBL4095078
FC(F)(F)c1ccc2nc(-c3cccs3)c(NCc3ccccc3)n2c1,460.0,-2.6627578316815743,0,CHEMBL4070813
Brc1ccc2nc(-c3cccs3)c(NCc3ccccc3)n2c1,500.0,-2.6989700043360187,1,CHEMBL4091689
Clc1ccc2nc(-c3cccs3)c(NCc3ccccc3)n2c1,160.0,-2.204119982655925,1,CHEMBL4081409
CCc1ccn2c(NCc3ccccc3)c(-c3cccs3)nc2c1,1200.0,-3.0791812460476247,0,CHEMBL4062201
Cc1ccc2nc(-c3cccs3)c(NCc3ccccc3)n2c1,540.0,-2.7323937598229686,1,CHEMBL4069481
c1ccc(CNc2c(-c3cccs3)nc3ccccn23)cc1,4000.0,-3.6020599913279625,0,CHEMBL4096700
COc1ccc(CNc2c(-c3cc(Cl)ccn3)nc3ccc(Cl)cn23)cc1,0.3,0.5228787452803376,0,CHEMBL4077016
Cc1ccc2nc(-c3ccc(Cl)cn3)c(NCc3ccccc3)n2c1,7.4,-0.8692317197309762,1,CHEMBL4076011
Cc1ccc2nc(-c3cc(Cl)ccn3)c(NCc3ccccc3)n2c1,1.5,-0.1760912590556812,1,CHEMBL4078767
Cc1ccc2nc(-c3cccc(Cl)n3)c(NCc3ccccc3)n2c1,80.0,-1.9030899869919435,1,CHEMBL4103042
Cc1ccc2nc(-c3cnccn3)c(NCc3ccccc3)n2c1,1200.0,-3.0791812460476247,1,CHEMBL4084069
Cc1ccc2nc(-c3ccccn3)c(NCc3ccccc3)n2c1,20.0,-1.3010299956639813,1,CHEMBL4102799
Cc1ccc2nc(-c3cccnc3)c(NCc3ccccc3)n2c1,520.0,-2.716003343634799,1,CHEMBL4079659
Cc1ccc2nc(-c3ccncc3)c(NCc3ccccc3)n2c1,2000.0,-3.3010299956639813,1,CHEMBL4077398
Cc1ccc2nc(-c3nc(C)cs3)c(NCc3ccccc3)n2c1,220.0,-2.342422680822206,1,CHEMBL4077209
Cc1ccc2nc(-c3cccn3C)c(NCc3ccccc3)n2c1,1100.0,-3.041392685158225,1,CHEMBL4066026
Cc1ccc2nc(-c3ccoc3)c(NCc3ccccc3)n2c1,1900.0,-3.278753600952829,1,CHEMBL4075862
Cc1ccc2nc(-c3ccsc3)c(NCc3ccccc3)n2c1,830.0,-2.9190780923760737,1,CHEMBL4075395
Cc1ccc2nc(-c3ccco3)c(NCc3ccccc3)n2c1,560.0,-2.7481880270062,1,CHEMBL4064512
Cc1ccc2nc(-c3ccc(F)c(Cl)c3)c(NCc3ccccc3)n2c1,26.0,-1.414973347970818,0,CHEMBL4060783
CC[C@@H]1[C@@H]2C[C@H](O)CC[C@]2(C)[C@H]2CC[C@@]3(C)[C@@H](CC[C@@H]3[C@H](C)CCNC(=O)O[C@H]3CCOC3)[C@@H]2[C@@H]1O,85.0,-1.9294189257142929,1,CHEMBL4160849
CC[C@@H]1[C@@H]2C[C@H](O)CC[C@]2(C)[C@H]2CC[C@@]3(C)[C@@H](CC[C@@H]3[C@H](C)CCc3nn[nH]n3)[C@@H]2[C@@H]1O,60.0,-1.7781512503836436,1,CHEMBL4172477
CC[C@@H]1[C@@H]2C[C@H](O)CC[C@]2(C)[C@H]2CC[C@@]3(C)[C@@H](CC[C@@H]3[C@H](C)CCC3NC(=O)NC3=O)[C@@H]2[C@@H]1O,2700.0,-3.431363764158988,1,CHEMBL4165268
CC[C@@H]1[C@@H]2C[C@H](O)CC[C@]2(C)[C@H]2CC[C@@]3(C)[C@@H](CC[C@@H]3[C@H](C)CCc3cc(O)no3)[C@@H]2[C@@H]1O,30.0,-1.4771212547196624,1,CHEMBL4175888
CC[C@@H]1[C@@H]2C[C@H](O)CC[C@]2(C)[C@H]2CC[C@@]3(C)[C@@H](CC[C@@H]3[C@H](C)CCC(C)=O)[C@@H]2[C@@H]1O,1000.0,-3.0,1,CHEMBL4165675
CC[C@@H]1[C@@H]2C[C@H](O)CC[C@]2(C)[C@H]2CC[C@@]3(C)[C@@H](CC[C@@H]3[C@H](C)CCC(=O)S)[C@@H]2[C@@H]1O,240.0,-2.380211241711606,1,CHEMBL4176961
CC[C@@H]1[C@@H]2C[C@H](O)CC[C@]2(C)[C@H]2CC[C@@]3(C)[C@@H](CC[C@@H]3[C@H](C)CCC(N)=O)[C@@H]2[C@@H]1O,600.0,-2.7781512503836434,1,CHEMBL4169097
CC[C@@H]1[C@@H]2C[C@H](O)CC[C@]2(C)[C@H]2CC[C@@]3(C)[C@@H](CC[C@@H]3[C@H](C)CCC(=O)NCCS(=O)(=O)O)[C@@H]2[C@@H]1O,230.0,-2.361727836017593,1,CHEMBL4071018
CC[C@@H]1[C@@H]2C[C@H](O)CC[C@]2(C)[C@H]2CC[C@@]3(C)[C@@H](CC[C@@H]3[C@H](C)CCC(=O)NCC(=O)O)[C@@H]2[C@@H]1O,290.0,-2.462397997898956,1,CHEMBL4072790
CC[C@@H]1[C@@H]2C[C@H](O)CC[C@]2(C)[C@H]2CC[C@@]3(C)[C@@H](CC[C@@H]3[C@H](C)CCCNC(=O)N3CC[C@H](O)C3)[C@@H]2[C@@H]1O,370.0,-2.568201724066995,0,CHEMBL4162386
CC[C@@H]1[C@@H]2C[C@H](O)CC[C@]2(C)[C@H]2CC[C@@]3(C)[C@@H](CC[C@@H]3[C@H](C)CCNC(=O)N3CC[C@H](O)C3)[C@@H]2[C@@H]1O,80.0,-1.9030899869919435,0,CHEMBL4170310
CC[C@@H]1[C@@H]2C[C@H](O)CC[C@]2(C)[C@H]2CC[C@@]3(C)[C@@H](CC[C@@H]3[C@H](C)CCNC(=O)NC3CC3)[C@@H]2[C@@H]1O,70.0,-1.845098040014257,1,CHEMBL4165830
CC[C@@H]1[C@@H]2C[C@H](O)CC[C@]2(C)[C@H]2CC[C@@]3(C)[C@@H](CC[C@@H]3[C@H](C)CCCNC(N)=O)[C@@H]2[C@@H]1O,130.0,-2.113943352306837,1,CHEMBL4173761
CC[C@@H]1[C@@H]2C[C@H](O)CC[C@]2(C)[C@H]2CC[C@@]3(C)[C@@H](CC[C@@H]3[C@H](C)CCNC(N)=O)[C@@H]2[C@@H]1O,230.0,-2.361727836017593,1,CHEMBL4174157
CC[C@@H]1[C@@H]2C[C@H](O)CC[C@]2(C)[C@H]2CC[C@@]3(C)[C@@H](CC[C@@H]3[C@H](C)CCCNS(=O)(=O)c3ccccc3)[C@@H]2[C@@H]1O,230.0,-2.361727836017593,1,CHEMBL4163456
CC[C@@H]1[C@@H]2C[C@H](O)CC[C@]2(C)[C@H]2CC[C@@]3(C)[C@@H](CC[C@@H]3[C@H](C)CCCNS(C)(=O)=O)[C@@H]2[C@@H]1O,110.0,-2.041392685158225,1,CHEMBL4159008
CC[C@@H]1[C@@H]2C[C@H](O)CC[C@]2(C)[C@H]2CC[C@@]3(C)[C@@H](CC[C@@H]3[C@H](C)CCNS(=O)(=O)c3ccccc3)[C@@H]2[C@@H]1O,470.0,-2.672097857935717,1,CHEMBL4166913
CC[C@@H]1[C@@H]2C[C@H](O)CC[C@]2(C)[C@H]2CC[C@@]3(C)[C@@H](CC[C@@H]3[C@H](C)CCNS(=O)(=O)C3CC3)[C@@H]2[C@@H]1O,230.0,-2.361727836017593,1,CHEMBL4171065
CC[C@@H]1[C@@H]2C[C@H](O)CC[C@]2(C)[C@H]2CC[C@@]3(C)[C@@H](CC[C@@H]3[C@H](C)CCNS(C)(=O)=O)[C@@H]2[C@@H]1O,280.0,-2.4471580313422194,1,CHEMBL4163148
CC[C@@H]1[C@@H]2C[C@H](O)CC[C@]2(C)[C@H]2CC[C@@]3(C)[C@@H](CC[C@@H]3[C@H](C)CCNC(C)=O)[C@@H]2[C@@H]1O,150.0,-2.1760912590556813,1,CHEMBL4172570
CC[C@@H]1[C@@H]2C[C@H](O)CC[C@]2(C)[C@H]2CC[C@@]3(C)[C@@H](CC[C@@H]3[C@H](C)CCNC(=O)C(=O)O)[C@@H]2[C@@H]1O,20.0,-1.3010299956639813,1,CHEMBL4164682
CC[C@@H]1[C@@H]2C[C@H](O)CC[C@]2(C)[C@H]2CC[C@@]3(C)[C@@H](CC[C@@H]3[C@H](C)CCNC(=O)c3ccccn3)[C@@H]2[C@@H]1O,30.0,-1.4771212547196624,1,CHEMBL4169184
CC[C@@H]1[C@@H]2C[C@H](O)CC[C@]2(C)[C@H]2CC[C@@]3(C)[C@@H](CC[C@@H]3[C@H](C)CCNC(=O)OCc3ccccc3)[C@@H]2[C@@H]1O,300.0,-2.4771212547196626,1,CHEMBL4171466
CC[C@@H]1[C@@H]2C[C@H](O)CC[C@]2(C)[C@H]2CC[C@@]3(C)[C@@H](CC[C@@H]3[C@H](C)CCNC(=O)OC3CCCCC3)[C@@H]2[C@@H]1O,300.0,-2.4771212547196626,1,CHEMBL4175974
CC[C@@H]1[C@@H]2C[C@H](O)CC[C@]2(C)[C@H]2CC[C@@]3(C)[C@@H](CC[C@@H]3[C@H](C)CCNC(=O)OC3CCC3)[C@@H]2[C@@H]1O,150.0,-2.1760912590556813,1,CHEMBL4168123
CC[C@@H]1[C@@H]2C[C@H](O)CC[C@]2(C)[C@H]2CC[C@@]3(C)[C@@H](CC[C@@H]3[C@H](C)CCNC(=O)OC(C)C)[C@@H]2[C@@H]1O,300.0,-2.4771212547196626,1,CHEMBL4166934
CC[C@@H]1[C@@H]2C[C@H](O)CC[C@]2(C)[C@H]2CC[C@@]3(C)[C@@H](CC[C@@H]3[C@H](C)CCNC(=O)OC)[C@@H]2[C@@H]1O,300.0,-2.4771212547196626,1,CHEMBL4159036
CC[C@@H]1[C@@H]2Cc3[nH]ncc3C[C@]2(C)[C@H]2CC[C@@]3(C)[C@@H](CC[C@@H]3[C@H](C)CCC(=O)O)[C@@H]2[C@@H]1O,300.0,-2.4771212547196626,0,CHEMBL4165022
CC[C@@H]1[C@@H]2CC3(CC3)CC[C@]2(C)[C@H]2CC[C@@]3(C)[C@@H](CC[C@@H]3[C@H](C)CCC(=O)O)[C@@H]2[C@@H]1O,700.0,-2.845098040014257,0,CHEMBL4175639
CC[C@@H]1[C@@H]2CC(F)(F)CC[C@]2(C)[C@H]2CC[C@@]3(C)[C@@H](CC[C@@H]3[C@H](C)CCC(=O)O)[C@@H]2[C@@H]1O,1100.0,-3.041392685158225,0,CHEMBL4168436
CC[C@@H]1[C@@H]2CCCC[C@]2(C)[C@H]2CC[C@@]3(C)[C@@H](CC[C@@H]3[C@H](C)CCC(=O)O)[C@@H]2[C@@H]1O,400.0,-2.6020599913279625,0,CHEMBL4160539
CC[C@@H]1[C@@H]2CC(C)CC[C@]2(C)[C@H]2CC[C@@]3(C)[C@@H](CC[C@@H]3[C@H](C)CCC(=O)O)[C@@H]2[C@@H]1O,1500.0,-3.1760912590556813,1,CHEMBL4171793
CC[C@@H]1[C@@H]2C[C@H](OC)CC[C@]2(C)[C@H]2CC[C@@]3(C)[C@@H](CC[C@@H]3[C@H](C)CCC(=O)O)[C@@H]2[C@@H]1O,1800.0,-3.255272505103306,1,CHEMBL4163928
CC[C@@H]1[C@@H]2C[C@H](O)CC[C@]2(C)[C@H]2CC[C@@]3(C)[C@@H](CC[C@@H]3[C@H](C)CCC(=O)NS(C)(=O)=O)[C@@H]2[C@@H]1O,50.0,-1.6989700043360187,1,CHEMBL4173597
C[C@H](CCC(=O)O)[C@H]1CC[C@H]2[C@@H]3CC[C@@H]4C[C@H](O[C@@H]5O[C@H](CO)[C@@H](O)[C@H](O)[C@H]5O)CC[C@]4(C)[C@H]3C[C@H](O)[C@@]21C,76000.0,-4.880813592280791,0,CHEMBL4160181
C[C@H](CCC(=O)O)[C@H]1CC[C@H]2[C@H]3[C@H](C[C@H](O)[C@@]21C)[C@@]1(C)CC[C@@H](O[C@@H]2O[C@H](CO)[C@@H](O)[C@H](O)[C@H]2O)C[C@H]1C[C@H]3O,91500.0,-4.9614210940664485,0,CHEMBL4170402
C[C@H](CCC(=O)O)[C@H]1CC[C@H]2[C@H]3[C@H](C[C@H](O)[C@@]21C)[C@@]1(C)CC[C@@H](O)C[C@H]1C[C@H]3O,45000.0,-4.653212513775344,0,CHEMBL205596
O=C(O)c1cnc(N2CC(O)(c3ccc(OCc4c(-c5c(Cl)cncc5Cl)noc4C4CC4)cc3Cl)C2)c(F)c1,4.9,-0.6901960800285137,0,CHEMBL4292861
O=C(O)c1ccc(N2CC(O)(c3ccc(OCc4c(-c5c(Cl)cccc5Cl)noc4C4CC4)cc3Cl)C2)nc1,4.85,-0.6857417386022636,0,CHEMBL4280310
O=C(O)c1cnc(N2CC(O)(c3ccc(OCc4c(-c5c(Cl)cccc5Cl)noc4C4CC4)cc3Cl)C2)c(F)c1,4.65,-0.667452952889954,0,CHEMBL4286228
O=C(O)c1ccccc1-c1ccccc1C(=O)N1CCN(Cc2ccc3c(c2)OCO3)CC1,5990.0,-3.777426822389312,0,CHEMBL4279753
CN(Cc1ccc(N2CCCCC2)cc1)C(=O)c1n[nH]c(=O)c2ccccc12,14400.0,-4.158362492095249,0,CHEMBL4289098
COc1cc([N+](=O)[O-])ccc1NC(=O)CNc1ccccc1N1CCCC1=O,4330.0,-3.6364878963533656,0,CHEMBL4281889
O=C(Nc1cccc2c(=O)cc(-c3nn[nH]n3)oc12)c1ccc(OCCCCc2ccccc2)cc1,15000.0,-4.176091259055681,0,CHEMBL21333
CC(=O)NCCN(Cc1ccccc1)C(=O)c1c2c(nn1C)-c1cc(Br)ccc1OC2,6000.0,-3.778151250383644,0,CHEMBL4590255
Cn1nc(C(=O)N(CC(=O)Nc2cc(C(=O)O)ccc2F)Cc2cccc(F)c2)c2c1-c1cc(F)ccc1OC2,6.5,-0.8129133566428556,0,CHEMBL4589802
CC(=O)NCCN(Cc1ccc(F)cc1)C(=O)c1nn(C)c2c1COc1ccc(Br)cc1-2,525.0,-2.720159303405957,1,CHEMBL4514834
CC(=O)NCCN(Cc1ccccc1F)C(=O)c1nn(C)c2c1COc1ccc(Br)cc1-2,34.5,-1.5378190950732742,1,CHEMBL4571319
CCC(C)c1ccc2c(c1)-c1c(c(C(=O)N(CCNC(C)=O)Cc3ccccc3)nn1C)CO2,25.0,-1.3979400086720375,0,CHEMBL4553359
CC(=O)NCCN(Cc1ccccc1)C(=O)c1nn(C)c2c1COc1ccc(I)cc1-2,18.5,-1.2671717284030135,1,CHEMBL4452699
CC(=O)NCCN(Cc1ccccc1)C(=O)c1nn(C)c2c1COc1ccc(Br)cc1-2,44.0,-1.6434526764861874,1,CHEMBL4472502
CC(=O)NCCN(Cc1ccccc1)C(=O)c1n[nH]c2c1COc1ccc(Br)cc1-2,11000.0,-4.041392685158225,1,CHEMBL4527188
CC(=O)NCCN(Cc1ccccc1)C(=O)c1nn(C)c2c1C(C)(C)Oc1ccc(Br)cc1-2,4300.0,-3.633468455579586,0,CHEMBL4483715
COC(C[C@@H](C)C1=C2C[C@H](O)[C@H]3[C@@]4(C)CCC(=O)C(C)(C)[C@@H]4CC[C@]3(C)[C@@]2(C)CC1)OC,5600.0,-3.7481880270062,0,CHEMBL4466386
CC(=O)O[C@H]([C@@H]1C[C@@H](C)C2=C3CC[C@@H]4[C@](C)(CC[C@H]5C(C)(C)C(=O)CC[C@]45C)[C@@]3(C)C[C@@H]2O1)C(C)(C)O,46960.0,-4.671728088239558,0,CHEMBL4560147
CC(=O)O[C@H]([C@@H]1C[C@@H](C)C2=C3[C@H](O)C[C@@H]4[C@](C)(CC[C@H]5C(C)(C)C(=O)CC[C@]45C)[C@@]3(C)C[C@@H]2O1)C(C)(C)O,30080.0,-4.478277831919605,0,CHEMBL4436181
CO[C@H]1C[C@@]2(C)C(=C1[C@H](C)C[C@H](O)[C@@H](OC(C)=O)C(C)(C)O)[C@H](O)C[C@@H]1[C@]2(C)CC[C@H]2C(C)(C)C(=O)CC[C@]12C,16430.0,-4.215637563435061,0,CHEMBL4475517
COC(=O)C[C@@H](C)C1=C2[C@H](O)C[C@@H]3[C@](C)(CC[C@H]4C(C)(C)C(=O)CC[C@]34C)[C@@]2(C)C[C@@H]1OC,20250.0,-4.306425027550687,0,CHEMBL4441750
C=C(C)[C@@H](O)[C@@H]1C[C@@H](C)[C@@]2(CC[C@@]3(C)C2=C[C@H](OC)[C@H]2[C@@]4(C)CCC(=O)C(C)(C)[C@@H]4CC[C@@]23C)O1,17600.0,-4.2455126678141495,0,CHEMBL4448855
CC(C)[C@H]1O[C@H]2C3=C([C@H](C)C[C@H](O)[C@@H](O)C(C)(C)O)CC[C@]3(C)[C@@]3(C)CC[C@H]4C(C)(C)C(=O)CC[C@]4(C)[C@@H]3[C@H]2O1,10970.0,-4.040206627574711,0,CHEMBL4473940
COC(OC)C(C)(C)[C@@H](O)C[C@@H](C)C1=C2C[C@H](O)[C@H]3[C@@]4(C)CCC(=O)C(C)(C)[C@@H]4CC[C@]3(C)[C@@]2(C)CC1,12070.0,-4.08170727009735,1,CHEMBL4474400
CCOC(C)(C)[C@H](O)[C@@H](O)C[C@@H](C)C1=C2C=C[C@H]3[C@@]4(C)CCC(=O)C(C)(C)[C@@H]4CC[C@]3(C)[C@@]2(C)CC1=O,14700.0,-4.167317334748176,1,CHEMBL4435947
CO[C@H]1CC2=C3[C@H](C[C@]2(C)[C@@]2(C)CC[C@H]4C(C)(C)C(=O)CC[C@]4(C)[C@H]12)O[C@H]([C@@H](O)C(C)(C)O)C[C@H]3C,14380.0,-4.157758886046864,0,CHEMBL4483791
COC(C)(C)[C@H](OC(C)=O)[C@@H]1C[C@@H](C)C2=C3C[C@H](O)[C@H]4[C@@]5(C)CCC(=O)C(C)(C)[C@@H]5CC[C@]4(C)[C@@]3(C)C[C@@H]2O1,16680.0,-4.22219604630172,0,CHEMBL4456858
C[C@@H]1C[C@@H]([C@@H](O)C(C)(C)O)O[C@H]2C[C@@]3(C)C(=C21)CC[C@@H]1[C@]3(C)CC[C@H]2C(C)(C)C(=O)CC[C@]12C,13260.0,-4.122543524068754,0,CHEMBL4578763
C[C@H](C[C@@H]1OC(C)(C)O[C@H]1C(C)(C)O)C1=C2C=C[C@H]3[C@@]4(C)CCC(=O)C(C)(C)[C@@H]4CC[C@]3(C)[C@@]2(C)CC1=O,2520.0,-3.401400540781544,0,CHEMBL4458677
C[C@@H]1C[C@@H]([C@@H](O)C(C)(C)O)O[C@H]2C[C@@]3(C)C(=C21)[C@H](O)C[C@@H]1[C@]3(C)CC[C@H]2C(C)(C)C(=O)CC[C@]12C,20320.0,-4.307923703611881,0,CHEMBL4448642
CC(C)C(=O)[C@@H](O)C[C@@H](C)C1=C2C[C@H](O)[C@H]3[C@@]4(C)CCC(=O)C(C)(C)[C@@H]4CC[C@]3(C)[C@@]2(C)CC1,90.0,-1.9542425094393248,1,CHEMBL4471852
C=C(C)[C@H](O)[C@@H]1C[C@@H](C)C2=C3C[C@H](O)[C@H]4[C@@]5(C)CCC(=O)C(C)(C)[C@@H]5CC[C@]4(C)[C@@]3(C)C[C@@H]2O1,13300.0,-4.123851640967086,0,CHEMBL3632958
C[C@H](C[C@H](O)[C@@H](O)C(C)(C)O)C1=C2CC[C@@H]3[C@](C)(CC[C@H]4C(C)(C)C(=O)CC[C@]34C)[C@@]2(C)CC1,3360.0,-3.526339277389844,1,CHEMBL3632954
COC(C)(C)[C@H](O)[C@@H](O)C[C@@H](C)C1=C2C[C@H](O)[C@H]3[C@@]4(C)CCC(=O)C(C)(C)[C@@H]4CC[C@]3(C)[C@@]2(C)CC1,8900.0,-3.949390006644913,1,CHEMBL4519986
C[C@H](C[C@H](O)[C@@H](O)C(C)(C)O)C1=C2C[C@H](O)[C@H]3[C@@]4(C)CCC(=O)C(C)(C)[C@@H]4CC[C@]3(C)[C@@]2(C)CC1=O,29680.0,-4.47246389660699,1,CHEMBL4518138
C[C@H](C[C@H](O)[C@@H](O)C(C)(C)O)C1=C2C=C[C@H]3[C@@]4(C)CCC(=O)C(C)(C)[C@@H]4CC[C@]3(C)[C@@]2(C)CC1=O,6000.0,-3.778151250383644,1,CHEMBL4455067
C[C@@H]1C[C@@H]([C@@H](O)C(C)(C)O)O[C@H]2C[C@@]3(C)C(=C21)C[C@H](O)[C@H]1[C@@]2(C)CCC(=O)C(C)(C)[C@@H]2CC[C@@]13C,15100.0,-4.17897694729317,0,CHEMBL3121589
C[C@H](C[C@H](O)[C@@H](O)C(C)(C)O)C1=C2C[C@H](O)[C@H]3[C@@]4(C)CCC(=O)C(C)(C)[C@@H]4CC[C@]3(C)[C@@]2(C)CC1,10160.0,-4.0068937079479,1,CHEMBL467814
C=C(C)[C@H](O)[C@@H](O)C[C@@H](C)C1=C2C[C@H](O)[C@H]3[C@@]4(C)CCC(=O)C(C)(C)[C@@H]4CC[C@]3(C)[C@@]2(C)CC1,24090.0,-4.381836799998343,1,CHEMBL3121588
C[C@H](C[C@H](O)[C@H]1OC1(C)C)C1=C2C[C@H](O)[C@H]3[C@@]4(C)CCC(=O)C(C)(C)[C@@H]4CC[C@]3(C)[C@@]2(C)CC1,8800.0,-3.9444826721501687,1,CHEMBL2059712
CC(=O)O[C@@H](C[C@@H](C)C1=C2C[C@H](O)[C@H]3[C@@]4(C)CCC(=O)C(C)(C)[C@@H]4CC[C@]3(C)[C@@]2(C)CC1)[C@H]1OC1(C)C,3570.0,-3.552668216112193,0,CHEMBL4535717
C=C(C)[C@@H](O)[C@@H](O)C[C@@H](C)C1=C2CC[C@@H]3[C@](C)(CC[C@H]4C(C)(C)C(=O)CC[C@]34C)[C@@]2(C)CC1,3030.0,-3.481442628502305,0,CHEMBL3632627
C[C@@H]1CC(=O)[C@@H](C(C)(C)O)O[C@H]2C[C@@]3(C)C(=C21)C=C[C@H]1[C@@]2(C)CCC(=O)C(C)(C)[C@@H]2CC[C@@]13C,10400.0,-4.017033339298781,0,CHEMBL3632949
CCOC(C)(C)[C@H](O)[C@@H](O)C[C@@H](C)C1=C2C[C@H](O)[C@H]3[C@@]4(C)CCC(=O)C(C)(C)[C@@H]4CC[C@]3(C)[C@@]2(C)CC1,940.0,-2.9731278535996988,1,CHEMBL3632946
C=C(C)[C@@H](O)[C@@H](O)C[C@@H](C)C1=C2C=C[C@H]3[C@@]4(C)CCC(=O)C(C)(C)[C@@H]4CC[C@]3(C)[C@@]2(C)CC1=O,2400.0,-3.380211241711606,1,CHEMBL3632942
CC(=O)C1=C2C=C[C@H]3[C@@]4(C)CCC(=O)C(C)(C)[C@@H]4CC[C@]3(C)[C@@]2(C)CC1=O,20240.0,-4.306210508167761,0,CHEMBL3632951
C[C@H](C[C@H](O)[C@@H](O)C(C)(C)O)[C@@]1(O)CC[C@@]2(C)C1=CC(=O)[C@H]1[C@@]3(C)CCC(=O)C(C)(C)[C@@H]3CC[C@@]12C,50250.0,-4.701136066092526,0,CHEMBL4454184
CC(C)(O)[C@@H]1O[C@](C)(C2=C3C[C@H](O)[C@H]4[C@@]5(C)CCC(=O)C(C)(C)[C@@H]5CC[C@]4(C)[C@@]3(C)CC2=O)C[C@@H]1O,11860.0,-4.074084689028243,0,CHEMBL4515076
CC1(C)O[C@@H]1[C@@H](O)C[C@](C)(O)C1=C2C[C@H](O)[C@H]3[C@@]4(C)CCC(=O)C(C)(C)[C@@H]4CC[C@]3(C)[C@@]2(C)CC1=O,40740.0,-4.610021024664145,0,CHEMBL3632945
CC1=CC(=O)C[C@]2(C)[C@@H]3[C@@H](O)CC4=C([C@H](C)C[C@H](O)[C@@H](O)C(C)(C)O)CC[C@]4(C)[C@@]3(C)CC[C@@H]12,5640.0,-3.751279103983342,0,CHEMBL3632950
C[C@H](C[C@H](O)[C@@H](O)C(C)(C)O)C1=C2C[C@H](O)[C@H]3[C@@]4(C)CCC(=O)C(C)(C)[C@@H]4CC[C@]3(C)[C@@]2(C)C=C1,64890.0,-4.812177774158754,1,CHEMBL3632947
C=C(C)[C@@H](O)[C@@H]1C[C@@H](C)[C@@]2(CC[C@@]3(C)C2=C[C@H](O)[C@H]2[C@@]4(C)CCC(=O)C(C)(C)[C@@H]4CC[C@@]23C)O1,15470.0,-4.189490313699367,0,CHEMBL4463254
CC(=O)O[C@@H](C[C@@H](C)C1=C2C=C[C@H]3[C@@]4(C)CCC(=O)C(C)(C)[C@@H]4CC[C@]3(C)[C@@]2(C)CC1=O)[C@H](O)C(C)(C)O,12140.0,-4.084218686739239,0,CHEMBL3632943
C[C@H](CC(=O)[C@H](O)C(C)(C)O)C1=C2C=C[C@H]3[C@@]4(C)CCC(=O)C(C)(C)[C@@H]4CC[C@]3(C)[C@@]2(C)CC1=O,15470.0,-4.189490313699367,0,CHEMBL3632941
CC(=O)O[C@H]1C[C@@H](C)C2=C3C[C@H](O)[C@H]4[C@@]5(C)CCC(=O)C(C)(C)[C@@H]5CC[C@]4(C)[C@@]3(C)C[C@@H]2O[C@H]1C(C)(C)O,20150.0,-4.304275050477128,0,CHEMBL4448140
CC(=O)O[C@H]([C@@H]1C[C@@H](C)C2=C3C[C@H](O)[C@H]4[C@@]5(C)CCC(=O)C(C)(C)[C@@H]5CC[C@]4(C)[C@@]3(C)C[C@@H]2O1)C(C)(C)O,25290.0,-4.402948829344405,0,CHEMBL3121590
C[C@H](C[C@H](O)[C@H]1OC1(C)C)C1=C2CC[C@@H]3[C@](C)(CC[C@H]4C(C)(C)C(=O)CC[C@]34C)[C@@]2(C)CC1,110.0,-2.041392685158225,1,CHEMBL4577420
C[C@@H]1C[C@@H]([C@H]2OC2(C)C)O[C@H]2C[C@@]3(C)C(=C21)C[C@H](O)[C@H]1[C@@]2(C)CCC(=O)C(C)(C)[C@@H]2CC[C@@]13C,3260.0,-3.513217600067939,0,CHEMBL4567829
C[C@@H]1C[C@@H]([C@@H](O)C(C)(C)O)O[C@H]2C[C@@]3(C)C(=C21)C=C[C@H]1[C@@]2(C)CCC(=O)C(C)(C)[C@@H]2CC[C@@]13C,5660.0,-3.752816431188272,0,CHEMBL3632956
CC(=O)O[C@@H](C[C@@H](C)C1=C2C[C@H](O)[C@H]3[C@@]4(C)CCC(=O)C(C)(C)[C@@H]4CC[C@]3(C)[C@@]2(C)CC1=O)[C@H]1OC1(C)C,2100.0,-3.322219294733919,0,CHEMBL4441811
CCCCOC(C)(C)[C@H](O)[C@@H](O)C[C@@H](C)C1=C2C[C@H](O)[C@H]3[C@@]4(C)CCC(=O)C(C)(C)[C@@H]4CC[C@]3(C)[C@@]2(C)CC1,430.0,-2.633468455579586,1,CHEMBL4459258
CCO[C@H]1C[C@@]2(C)C(=C1[C@H](C)C[C@H](OC(C)=O)[C@H]1OC1(C)C)C[C@H](O)[C@H]1[C@@]3(C)CCC(=O)C(C)(C)[C@@H]3CC[C@@]12C,1260.0,-3.100370545117563,0,CHEMBL4557359
C[C@H](C[C@H](O)[C@@H](O)C(C)(C)O)C1=C2C[C@H](O)[C@H]3[C@@]4(C)CCC(=O)C(C)(C)[C@@H]4C[C@@H](O)[C@]3(C)[C@@]2(C)CC1,17500.0,-4.243038048686294,0,CHEMBL4540228
C[C@H](C[C@H](O)C(=O)C(C)(C)O)C1=C2C[C@H](O)[C@H]3[C@@]4(C)CCC(=O)C(C)(C)[C@@H]4C[C@@H](O)[C@]3(C)[C@@]2(C)CC1,2230.0,-3.3483048630481607,0,CHEMBL4442830
C[C@@H]1C[C@@H]2O[C@@]3(C[C@@]4(C)C(=C13)C=C[C@H]1[C@@]3(C)CCC(=O)C(C)(C)[C@@H]3CC[C@@]14C)O[C@H]2C(C)(C)O,3340.0,-3.523746466811565,0,CHEMBL4437194
CC(=O)/C=C/C[C@@H](C)C1=C2C[C@H](O)[C@H]3[C@@]4(C)CCC(=O)C(C)(C)[C@@H]4CC[C@]3(C)[C@@]2(C)CC1,290.0,-2.462397997898956,0,CHEMBL4536937
C[C@H](C[C@H](O)[C@@H](O)C(C)(C)O)C1=C2[C@@H](O)[C@H](O)[C@H]3[C@@]4(C)CCC(=O)C(C)(C)[C@@H]4C[C@@H](O)[C@]3(C)[C@@]2(C)CC1,55490.0,-4.7442147248141655,0,CHEMBL4447216
CC(=O)O[C@H]1C[C@@H](C)[C@@]2(CC[C@@]3(C)C(=O)C=C[C@H]4[C@@]5(C)CCC(=O)C(C)(C)[C@@H]5CC[C@@]43C)O[C@@H]1C(C)(C)O2,24480.0,-4.388811413473523,0,CHEMBL4467008
CC(=O)O[C@H]([C@@H]1C[C@@H](C)C2=C3C=C[C@H]4[C@@]5(C)CCC(=O)C(C)(C)[C@@H]5CC[C@]4(C)[C@@]3(C)C[C@@H]2O1)C(C)(C)O,4740.0,-3.675778341674085,0,CHEMBL3632957
C[C@H](C[C@@H]1OC(C)(C)O[C@H]1C(C)(C)O)C1=C2C[C@H](O)[C@H]3[C@@]4(C)CCC(=O)C(C)(C)[C@@H]4C[C@@H](O)[C@]3(C)[C@@]2(C)CC1,2300.0,-3.361727836017593,0,CHEMBL4447851
C[C@H](C[C@H](O)[C@@H](O)[C@@]1(C)CO1)C1=C2C[C@H](O)[C@H]3[C@@]4(C)CCC(=O)C(C)(C)[C@@H]4CC[C@]3(C)[C@@]2(C)CC1,120.0,-2.0791812460476247,1,CHEMBL4566536
C=C(C)[C@@H]1OC(C)(C)O[C@H]1C[C@@H](C)C1=C2C[C@H](O)[C@H]3[C@@]4(C)CCC(=O)C(C)(C)[C@@H]4CC[C@]3(C)[C@@]2(C)CC1,8800.0,-3.9444826721501687,0,CHEMBL4449675
C[C@H](C[C@H](O)C(=O)C(C)(C)O)C1=C2[C@@H](O)[C@H](O)[C@H]3[C@@]4(C)CCC(=O)C(C)(C)[C@@H]4C[C@@H](O)[C@]3(C)[C@@]2(C)CC1,10190.0,-4.008174184006426,0,CHEMBL4437372
CC(=O)O[C@H]([C@@H](O)C[C@@H](C)C1=C2CC[C@@H]3[C@](C)(CC[C@H]4C(C)(C)C(=O)CC[C@]34C)[C@@]2(C)CC1)C(C)(C)O,9620.0,-3.983175072037813,0,CHEMBL4450162
CC(C)[C@@H](O)C[C@@H](C)C1=C2C[C@H](O)[C@H]3[C@@]4(C)CCC(=O)C(C)(C)[C@@H]4CC[C@]3(C)[C@@]2(C)CC1,6660.0,-3.823474229170301,1,CHEMBL4441683
C[C@H](C/C=C(/C=O)c1ccccc1)C1=C2C[C@H](O)[C@H]3[C@@]4(C)CCC(=O)C(C)(C)[C@@H]4CC[C@]3(C)[C@@]2(C)CC1,4690.0,-3.6711728427150834,0,CHEMBL4466082
CC(C)c1onc(-c2c(Cl)cccc2Cl)c1COc1cccc(C#N)c1,10170.0,-4.007320952922744,1,CHEMBL4471591
COC(=O)c1cccc(OCc2c(-c3c(Cl)cccc3Cl)noc2C(C)C)c1,2060.0,-3.3138672203691533,0,CHEMBL4591348
CC(C)c1onc(-c2c(Cl)cccc2Cl)c1COc1ccc(S(C)(=O)=O)cc1,1090.0,-3.037426497940624,1,CHEMBL4456883
CC(C)c1onc(-c2c(Cl)cccc2Cl)c1COc1ccc(C(=O)O)cc1,6670.0,-3.824125833916549,1,CHEMBL4592387
CC(C)c1onc(-c2c(Cl)cccc2Cl)c1COc1ccc(CO)cc1,2930.0,-3.4668676203541096,0,CHEMBL4436469
CC(C)c1onc(-c2c(Cl)cccc2Cl)c1COc1ccc(C#N)cc1,810.0,-2.908485018878649,1,CHEMBL4448603
COC(=O)c1ccc(OCc2c(-c3c(Cl)cccc3Cl)noc2C(C)C)cc1,3590.0,-3.555094448578319,0,CHEMBL4535914
CC(C)c1onc(-c2c(Cl)cccc2Cl)c1COc1ccccc1,1590.0,-3.2013971243204518,0,CHEMBL4451432
CC(C)c1onc(-c2c(Cl)cccc2Cl)c1COc1cccc(CO)c1,4370.0,-3.640481436970422,0,CHEMBL4450943
CC(C)c1onc(-c2c(Cl)cccc2Cl)c1COc1ccc(COc2ccc(CO)cc2)cc1,740.0,-2.869231719730976,0,CHEMBL4553281
COC(=O)c1ccc(OCc2ccc(OCc3c(-c4c(Cl)cccc4Cl)noc3C(C)C)cc2)cc1,730.0,-2.863322860120456,0,CHEMBL4455911
CC(C)c1onc(-c2c(Cl)cccc2Cl)c1COc1cccc(C(=O)O)c1,19740.0,-4.295347148333618,1,CHEMBL4465344
COC(=O)c1cccc(-c2ccc(OCc3c(-c4c(Cl)cccc4Cl)noc3C(C)C)cc2)c1,2800.0,-3.4471580313422194,0,CHEMBL4562865
CC(C)c1onc(-c2c(Cl)cccc2Cl)c1COc1ccc(-c2cccc(CO)c2)cc1,830.0,-2.9190780923760737,0,CHEMBL4585144
CC(C)c1onc(-c2c(Cl)cccc2Cl)c1COc1ccc(-c2cccc(C(=O)O)c2)cc1,1400.0,-3.146128035678238,1,CHEMBL4445722
CC(C)c1onc(-c2c(Cl)cccc2Cl)c1COc1ccc(COc2cccc(CO)c2)cc1,670.0,-2.8260748027008264,1,CHEMBL4455475
CC(C)c1onc(-c2c(Cl)cccc2Cl)c1COc1ccc(COc2cccc(C#N)c2)cc1,5400.0,-3.7323937598229686,1,CHEMBL4578551
COC(=O)c1cccc(OCc2ccc(OCc3c(-c4c(Cl)cccc4Cl)noc3C(C)C)cc2)c1,1150.0,-3.060697840353612,0,CHEMBL4532035
CC(C)c1onc(-c2c(Cl)cccc2Cl)c1COc1ccc(COc2ccc(C(=O)O)cc2)cc1,300.0,-2.4771212547196626,1,CHEMBL4591419
CC(C)c1onc(-c2c(Cl)cccc2Cl)c1COc1ccc(COc2ccc(C#N)cc2)cc1,940.0,-2.9731278535996988,0,CHEMBL4461163
CC(C)c1onc(-c2c(Cl)cccc2Cl)c1COc1ccc(COc2cccc(C(=O)O)c2)cc1,460.0,-2.6627578316815743,1,CHEMBL4588863
CCn1c(-c2ccc(OCc3c(-c4c(Cl)cccc4Cl)noc3C(C)C)cc2)nc2ccc(C(=O)O)cc21,10.805,-1.03362477121926,0,CHEMBL4639724
CC(C)Cn1c(-c2ccc(OCc3c(-c4c(Cl)cccc4Cl)noc3C(C)C)cc2)nc2ccc(C(=O)O)cc21,14.98,-1.1755118133634477,0,CHEMBL4648303
CC(C)c1onc(-c2c(Cl)cccc2Cl)c1COc1ccc(-c2nc3ccc(C(=O)O)cc3n2CC(C)(C)C)cc1,18.9,-1.276461804173244,0,CHEMBL4632780
CC(C)c1onc(-c2c(Cl)cccc2Cl)c1COc1ccc(-c2nc3ccc(C(=O)O)cc3n2CC2CC2)cc1,24.25,-1.3847117429382825,1,CHEMBL4642737
CC(C)c1onc(-c2c(Cl)cccc2Cl)c1COc1ccc(-c2nc3ccc(C(=O)O)cc3n2CC2CCCCC2)cc1,10.21,-1.0090257420869102,1,CHEMBL4638213
CC(C)c1onc(-c2c(Cl)cccc2Cl)c1COc1ccc(-c2nc3ccc(C(=O)O)cc3n2-c2ccc(F)cc2)cc1,23.65,-1.3738311450738303,1,CHEMBL4647755
CC(C)c1onc(-c2c(Cl)cccc2Cl)c1COc1ccc(-c2nc3ccc(C(=O)O)cc3n2C2CCC2)cc1,14.4,-1.1583624920952498,1,CHEMBL4637696
CC(C)c1onc(-c2c(Cl)cccc2Cl)c1COc1ccc(-c2nc3ccc(C(=O)O)cc3n2C2CCCC2)cc1,13.6,-1.1335389083702174,1,CHEMBL4640340
CC(C)c1onc(-c2c(Cl)cccc2Cl)c1COc1ccc(-c2nc3ccc(C(=O)O)cc3n2C2CCCCC2)cc1,4.21,-0.6242820958356683,1,CHEMBL4641017
CC(=O)N1CCC(n2c(-c3ccc(OCc4c(-c5c(Cl)cccc5Cl)noc4C(C)C)cc3)nc3ccc(C(=O)O)cc32)CC1,1432.0,-3.1559430179718366,1,CHEMBL4638244
CC(=O)C1CCC(Cn2c(-c3ccc(OCc4c(-c5c(Cl)cccc5Cl)noc4C(C)C)cc3)nc3ccc(C(=O)O)cc32)CC1,1166.1,-3.0667357953509287,1,CHEMBL4642851
CC(C)c1onc(-c2c(Cl)cccc2Cl)c1COc1ccc(-c2nc3ccc(C(=O)O)cc3n2CC2CCCCC2)c(F)c1,7.8,-0.8920946026904804,0,CHEMBL4642703
CC(C)c1onc(-c2c(Cl)cccc2Cl)c1COc1ccc(-c2nc3ccc(C(=O)O)cc3n2C)c(Cl)c1,3.66,-0.5634810853944107,0,CHEMBL4643503
CC(C)c1onc(-c2c(Cl)cccc2Cl)c1COc1ccc(-c2nc3ccc(C(=O)O)cc3n2C)cc1Cl,19.0,-1.2787536009528289,0,CHEMBL4642141
CC(C)c1onc(-c2c(Cl)cccc2Cl)c1COc1ccc(-c2nc3cc(C(=O)O)ccc3n2C)cc1,25.8,-1.41161970596323,0,CHEMBL4632854
CC(C)c1onc(-c2c(Cl)cccc2Cl)c1COc1ccc(-c2nc3ccc(C(=O)O)cc3n2C)cc1,32.0,-1.505149978319906,1,CHEMBL4643030
CC(C)c1onc(-c2ccccc2)c1COc1ccc(CCCC(=O)O)cc1,31000.0,-4.491361693834273,0,CHEMBL4634512
CC(C)c1onc(-c2ccccc2)c1COc1ccc(Oc2ccc(C(=O)O)cc2)cc1,11000.0,-4.041392685158225,0,CHEMBL4645745
CC(C)c1onc(-c2ccccc2)c1COc1ccc(COc2ccc(C(=O)O)cc2)cc1,2300.0,-3.361727836017593,0,CHEMBL4638290
CC(C)c1onc(-c2ccccc2)c1COc1ccc(COc2ccc(CC(=O)O)cc2)cc1,11000.0,-4.041392685158225,0,CHEMBL4646924
CC(C)c1onc(-c2ccccc2Cl)c1COc1ccc(CCCC(=O)O)cc1,3800.0,-3.57978359661681,0,CHEMBL4639167
CC(C)c1onc(-c2ccccc2C(F)(F)F)c1COc1ccc(CCCC(=O)O)cc1,4400.0,-3.643452676486187,0,CHEMBL4647388
CC(C)c1onc(-c2c(Cl)cccc2Cl)c1COc1ccc(CCCC(=O)O)cc1,6000.0,-3.778151250383644,0,CHEMBL4639931
Cc1cccc(C)c1-c1noc(C(C)C)c1COc1ccc(CCCC(=O)O)cc1,7700.0,-3.886490725172482,0,CHEMBL4632356
CC(C)c1onc(-c2ccccc2Cl)c1COc1ccc(COc2ccc(CC(=O)O)cc2)cc1,2500.0,-3.397940008672037,0,CHEMBL4645537
CC(C)c1onc(-c2ccccc2Cl)c1COc1ccc(COc2ccc(OCC(=O)O)cc2)cc1,4700.0,-3.6720978579357175,0,CHEMBL4637538
CC(C)c1onc(-c2c(Cl)cccc2Cl)c1COc1ccc(COc2ccc(CC(=O)O)cc2)cc1,2000.0,-3.3010299956639813,0,CHEMBL4636295
CC(C)c1onc(-c2c(Cl)cccc2Cl)c1COc1ccc(CNc2ccc(CC(=O)O)cc2)cc1,1600.0,-3.204119982655925,0,CHEMBL4634135
Cc1cc(NCc2ccc(OCc3c(-c4c(Cl)cccc4Cl)noc3C(C)C)cc2)ccc1CC(=O)O,1200.0,-3.0791812460476247,0,CHEMBL4634690
CC(C)c1onc(-c2c(Cl)cccc2Cl)c1COc1ccc(COc2ccc(CC(=O)O)cc2)c(Cl)c1,800.0,-2.903089986991944,0,CHEMBL4632533
CC(C)c1onc(-c2c(Cl)cccc2Cl)c1COc1ccc(CNc2ccc(CC(=O)O)cc2)c(Cl)c1,940.0,-2.9731278535996988,0,CHEMBL4633499
